vin,nom,ville,etat
SCFAD05D49G015739,Deane Meadowcraft,Cambridge,Massachusetts
WAUGU54D81N014453,Franciskus MacKilroe,Fort Worth,Texas
WVWED7AJ1BW280098,Currie Standen,Pueblo,Colorado
1N6AF0KY0EN732688,Leela Woolley,Detroit,Michigan
3N1CE2CP6FL121469,Dallas Carde,Newark,New Jersey
1C3BCBEB4CN002982,Easter Mallen,Raleigh,North Carolina
WAUEF98EX8A642415,Freedman Senter,Bethlehem,Pennsylvania
1G6KY54913U726019,Wylie Lardier,Tacoma,Washington
5N1AN0NU5EN130976,Arlen Rivallant,Harrisburg,Pennsylvania
WAUAVAFD4CN946032,Cornelia McCaghan,New York City,New York
WAUWFAFR9CA746687,Sashenka Atherley,Youngstown,Ohio
WAUDG74F25N911765,Torey Rainville,Hayward,California
WBA3A5C52CF886934,Hal Shoubridge,Jackson,Mississippi
ML32A3HJ2FH721101,Collie Trustrie,Austin,Texas
WBAVL1C54FV089056,Kalli Petriello,Philadelphia,Pennsylvania
1G4PP5SKXC4632633,Lacy Matisoff,Washington,District of Columbia
JM1NC2LF5E0960981,Sondra Burnside,Bowie,Maryland
WAUFFAFL9AN671538,Clemmie Calan,Springfield,Illinois
1N6AA0CA9AN909636,Karim Michelin,Bronx,New York
3VW507AT0FM760357,Flynn Pimmocke,Houston,Texas
KMHHT6KD2DU942929,Mathian Winkworth,Savannah,Georgia
SCFFDAAE1AG473267,Paddy Spikeings,Orange,California
WP0AB2A86CU011242,Don Batecok,West Palm Beach,Florida
1G4HP54K754368923,Gilbertine Winning,Harrisburg,Pennsylvania
1C3BC1FB0BN899936,Alisander Keppin,Tulsa,Oklahoma
JH4DC54863S383567,Patience Ogan,Fort Lauderdale,Florida
1N6AA0CA0AN176361,Marisa Gockelen,Santa Ana,California
SALVP1BG1CH262979,Heidi Leguay,Akron,Ohio
WAUVKAFR2AA974891,Augie Vowels,Brockton,Massachusetts
WAUCFAFR7FA574392,Ingra Batistelli,Idaho Falls,Idaho
WAUFFAFM1CA256880,Tarrance Aylward,Canton,Ohio
5UXFA93534L874770,Corina Meakin,Nashville,Tennessee
WBAEN33422P363303,Sheryl Grinishin,Las Vegas,Nevada
KM8JT3AC0AU731135,Nollie Faughey,Orlando,Florida
JTDKDTB39E1107961,Edgard Port,Salinas,California
WA1LFBFP8BA978216,Vickie Greengrass,Minneapolis,Minnesota
WAUVC68E75A825323,Merell Schuchmacher,Tacoma,Washington
WAUGFAFC1EN201045,Christina Chilley,New Orleans,Louisiana
WBA3R5C59FF133799,Quincey Grzelak,Warren,Michigan
WBALM5C55AE150905,Homer MacIver,Inglewood,California
1D7RB1GT8BS833162,Katrinka Tremblet,Atlanta,Georgia
1G6DK8EYXB0784007,Catie McBrearty,Atlanta,Georgia
5UXFG4C52AL471330,Urban Vlasyev,Omaha,Nebraska
WBAGL63462D427991,Viviyan Dowbiggin,Hayward,California
3C3CFFBR4ET056323,Maynard Di Biaggi,Louisville,Kentucky
2T1BU4EE2BC186559,Tierney Syncke,Salem,Oregon
5J8TB4H59EL336512,Delano Tuohy,Salt Lake City,Utah
2C3CDXDT2DH433436,Timothy Voas,New York City,New York
5UXKS4C5XE0143223,Simmonds Pash,Mesa,Arizona
KMHDB8AE2CU290920,Shea Lympany,Youngstown,Ohio
WBA4A7C59FD084459,Remus Elby,Philadelphia,Pennsylvania
1D7RB1CP8AS484978,Giavani Upwood,Huntsville,Alabama
1D4RE3GG0BC235984,Fran Alentyev,Cedar Rapids,Iowa
JTDKN3DU6F0564821,Melodie Rolling,Bradenton,Florida
1C3CDZAB2CN318378,Krishnah Bellwood,Dallas,Texas
SCFHDDAJXBA574691,Garwood Semonin,Columbus,Georgia
WAUA2AFD7EN841254,Hammad Mangan,Sacramento,California
1GYS4LKJ1FR542386,Tildie Delle,Fort Myers,Florida
3VW1K7AJ9FM879354,Gisella Hew,Newport News,Virginia
5GAKVCED1BJ917115,Patty Le Frank,Evansville,Indiana
1GTN2TEH9FZ569448,Kitti Hulme,Phoenix,Arizona
1G6DJ5ED1B0806183,Clarabelle Jobson,Scottsdale,Arizona
4T1BF1FK2CU321388,Florinda Ellif,Jacksonville,Florida
KNADH5A31A6078671,Nowell Daunay,Baltimore,Maryland
1N4AL3AP2EC207686,Vannie Aris,Washington,District of Columbia
WAUKF78E78A868807,Mala Marshallsay,Washington,District of Columbia
1G6DZ67A290578495,West Gadsdon,Pittsburgh,Pennsylvania
5J8TB4H37GL186742,Frazier Gentery,Buffalo,New York
19UUA65686A444231,Rand Spong,Denver,Colorado
JN8AF5MR7BT626224,Sibley Gall,Philadelphia,Pennsylvania
WAULC68E15A891213,Rochell McKenna,Montgomery,Alabama
19XFA1F33AE608876,Garfield Howen,Atlanta,Georgia
5BZAF0AA1FN740887,Daryl Vecard,Biloxi,Mississippi
3N1AB7AP9FL263119,Daffy Phelit,Irvine,California
YV1902MD0F1776559,Corina Fernyhough,Richmond,Virginia
WBA3N7C58EF801579,Tally Kief,Vero Beach,Florida
WAULT64B12N920998,Crystie Scard,Raleigh,North Carolina
1G6YV36AX75921034,Ricca Mullenger,Miami,Florida
5N1AT2ML5FC898996,Marley Freestone,Toledo,Ohio
JN8AF5MR3CT045868,Germaine Brand,Lees Summit,Missouri
5N1AA0NC8BN939886,Molli Flasby,Inglewood,California
4A31K2DF6BE139142,Des Doak,New York City,New York
WAULT58E32A115364,Vinny Vodden,Reno,Nevada
1FMJK1H52EE744190,Lana Atherley,Wichita,Kansas
2C4RVAAG3CR263376,Emanuel Itzik,Monroe,Louisiana
WAUVC58E95A444504,Christoper Tumelty,Pasadena,California
3C63D3CL1CG027742,Mechelle Vicker,Carlsbad,California
WAUEH94F07N977344,Yovonnda Caldaro,White Plains,New York
3C63DRALXCG713820,Garnette Sedge,Los Angeles,California
JM1NC2SF5F0048368,Chloe Kermott,Richmond,California
5FRYD3H2XGB984623,Vernor Nibloe,Evansville,Indiana
3D7TP2HT5AG909244,Juliane Everex,Lafayette,Louisiana
19UUA9F59CA849436,Haley Kunkel,San Diego,California
WDDGF4HB3EG434704,Gallard McMurraya,Minneapolis,Minnesota
JTJHY7AX2E4670355,Timmie Budgey,Memphis,Tennessee
WBADR63412G555166,Bing Turfs,Chicago,Illinois
1G4GL5E39CF973526,Tessi Dudbridge,New York City,New York
SCFEBBCF6BG843224,Darda Egginson,Hyattsville,Maryland
1D7RV1CT9BS262133,Laural Figgess,Great Neck,New York
5NPDH4AE5EH602897,Mildrid Metzig,Omaha,Nebraska
4T1BD1FK8EU593405,Venita Lanfranconi,Pomona,California
JH4KC1F51FC135700,Peri Flecknell,Memphis,Tennessee
JTHFE2C27C2225513,Donetta Cheetham,Birmingham,Alabama
2T2BK1BA9DC432124,Shirl Degg,Charlotte,North Carolina
1GD21XEG7FZ214813,Lance Schwand,Toledo,Ohio
1GYEC63N36R509425,Louis Sonier,Cincinnati,Ohio
4T3BA3BB9AU042797,Nadeen Drinkall,El Paso,Texas
SCBLF34F16C281392,Brig Gras,Erie,Pennsylvania
1GYFK56259R646020,Cati Murrells,Brockton,Massachusetts
WBAPK7C58AA128892,Leann Sertin,San Diego,California
JN8AZ1MU3EW309600,Ilaire Thackeray,Garland,Texas
5XYKT3A12CG434945,Darelle Heinig,Washington,District of Columbia
1FTMF1EW2AF570306,Inesita Sommers,Lexington,Kentucky
WA1AV74L29D782806,Luce Orgen,New York City,New York
1G4CW54K524110781,Geordie Latta,Hialeah,Florida
SCFAD02AX5G199427,Bartel Ellar,Portland,Oregon
KNADH4A30A6365705,Mendy Beckey,Washington,District of Columbia
SCBLC47J68C914924,Hugo Slimm,Buffalo,New York
2C4RDGCG5FR723578,Leanor Wadeson,Miami,Florida
3D73M4CL3BG892859,Andy Shatliffe,Flint,Michigan
1FA6P0G78F5062594,Clayton Gillman,Huntsville,Alabama
1G6DA5EG4A0096799,Morey Demelt,Roanoke,Virginia
1N4AL2EP2DC853961,Bond Challoner,Miami,Florida
TRUDD38J991557586,Karolina Baudone,Iowa City,Iowa
WAUAH78E56A970173,Ethyl Shervington,Kansas City,Missouri
1C4SDJCT5EC712406,Baudoin Astall,Tampa,Florida
SALGR2VF7FA543094,Elenore Jakov,Chattanooga,Tennessee
1FTFW1E85AF369820,Amalia Plenderleith,Harrisburg,Pennsylvania
JN8AF5MR9CT135977,Conn Macewan,Evansville,Indiana
JH4CW2H58DC780808,Adina Lindenfeld,El Paso,Texas
1C3CDFEB5ED306145,Nataniel Landell,Richmond,Virginia
5J8TB3H38EL750678,Munroe Tarver,High Point,North Carolina
1G4GF5G38EF717420,Anabal Megainey,Fort Smith,Arkansas
5N1AN0NU7AC651445,Adolphus Barnwill,Springfield,Missouri
SCFBB03B58G173968,Sly Zisneros,Lafayette,Indiana
1G6AV5S8XE0318739,Bettye Maskelyne,Brea,California
1FTFW1E8XAK145904,Grover Petracco,Peoria,Arizona
5J6YH1H30BL784353,Irena Dightham,Garland,Texas
WBAYF8C55FD499674,Lenna Coventon,Sarasota,Florida
4T1BF3EKXAU099886,Rochella Cater,Pittsburgh,Pennsylvania
JTEBU5JR4D5106205,Tory Dilks,Fort Lauderdale,Florida
WAUSH98E77A940190,Lelah Sibly,Phoenix,Arizona
3D4PG6FV8AT995117,Fitzgerald Erdis,Austin,Texas
3G5DA03L46S180287,Orville Andreazzi,Charlottesville,Virginia
WVWED7AJ4CW414779,Alica Giabucci,Fargo,North Dakota
SCBLC31E82C254379,Kerwinn Glacken,Indianapolis,Indiana
KMHCM3AC9BU096004,Laurene Hinkensen,Oklahoma City,Oklahoma
5UXZV4C56D0325859,Kerwinn Simionescu,Scranton,Pennsylvania
JN8AF5MR0CT564280,Vyky Frie,Brea,California
WA1VFBFL4EA723685,Fernandina Dietz,Johnson City,Tennessee
5XYZG3AB1CG958759,Tobey Commusso,Dallas,Texas
3GYFNHE33DS612196,Hadlee McAdam,Springfield,Illinois
WAUYGAFC7CN904969,Cristal Ortner,Arlington,Texas
JN8AZ1MU5AW743351,Leola Baldwin,Oceanside,California
3C4PDCABXCT003077,Mischa Masden,Modesto,California
WAUEG78E16A792508,Joyous Bolf,Lansing,Michigan
WD3PE7DC2F5165924,Delly Basson,Cleveland,Ohio
WAUAH94F26N646262,Creight Akerman,Naples,Florida
3C4PDDDG0CT476239,Chickie McEachern,Seattle,Washington
WAUWMAFC9FN367509,Audrey Rollings,Stamford,Connecticut
5N1AA0NC9DN072579,Odetta O'Curneen,Albany,New York
WAUAVAFD5CN539983,Fremont Durgan,San Jose,California
3G5DB03E53S443378,Delores Rayne,Tampa,Florida
WA1MYBFE7AD205215,Maurise Axcell,Las Vegas,Nevada
1G6KD57YX8U503712,Keen Lineen,Colorado Springs,Colorado
YV126MEC0F1936263,Lelah Beecham,Columbus,Ohio
YV1612FH1D2994047,Denys Dwane,Newton,Massachusetts
WBA3T3C59FP489220,Beulah Attawell,Saint Louis,Missouri
JN8AZ2KR5AT074973,Web Deyes,Migrate,Kentucky
1N6AA0CA5EN258320,Richart Crosthwaite,Kansas City,Missouri
WVWED7AJ6DW602141,Chane Isack,Galveston,Texas
2C3CCAEG2EH948326,Harmonie M'Quharge,Savannah,Georgia
WVWAA7AJ0CW804091,Winna Potell,Atlanta,Georgia
WBAVC53507A579932,Cammie Clementel,Atlanta,Georgia
1GYS3JEF7DR546471,Deena Seniour,Washington,District of Columbia
WBA3C3G55FN330250,Dannie Llorente,Montgomery,Alabama
3VW517AT8EM493514,Joane Venner,Dallas,Texas
1N4AB7AP4EN828331,Felicity Yarnold,Charleston,West Virginia
1G4GE5GD1BF708548,Chad Tinkler,Las Vegas,Nevada
WAUSH78E28A884942,Sancho Alvar,Dallas,Texas
1G6AC5S30F0012712,Charlie Bradnum,Jacksonville,Florida
5J6YH1H3XAL087223,Melinde Dominici,San Jose,California
JM1BL1L35C1545492,Lorrin Borgars,Lexington,Kentucky
1ZVBP8JS6B5631244,Cullan Lownsbrough,Flint,Michigan
5N1CR2MN7EC499790,Marcella Corringham,New York City,New York
2C3CCAET6CH006788,Celestine Yate,Shreveport,Louisiana
JH4KC1F30EC721527,Charmane Eytel,Naples,Florida
WA1LMBFEXED526873,Benoit Arton,Grand Junction,Colorado
WA1WMBFEXBD369211,Marjorie Valentin,Gatesville,Texas
JTHBB1BA2A2472915,Germaine Janik,Las Vegas,Nevada
JTDKDTB38D1267179,Livvyy Djurdjevic,Homestead,Florida
SALWG2VF9FA889780,Hugo Cutchey,Evanston,Illinois
WBAPH53589A343705,Frankie Humbey,Houston,Texas
2HNYD28317H565682,Arlie Parradine,Saint Paul,Minnesota
2FMGK5D85FB606500,Dominga Meryett,Sacramento,California
KNDKG3A21A7574282,Georgetta Choppen,Youngstown,Ohio
1G6DL5EY6B0694526,Price McKeurtan,Hartford,Connecticut
3N1CN7AP4DL595613,Marcia Oki,Nashville,Tennessee
WAUDF78E75A348448,Marley Martin,Oakland,California
WBABV13444J237649,Maddie Dubs,Pompano Beach,Florida
WAULK78K99A219968,Marcy Trelevan,Lubbock,Texas
1N6AF0KY5FN145114,Quillan Hover,San Diego,California
WBAVL1C55FV265922,Madelina Egdal,Houston,Texas
5TDDK3DC2FS591200,Gennie Oxtiby,Hyattsville,Maryland
WDDHF2EB3DA667142,Katti Markson,Melbourne,Florida
5TDDK3DC6FS408784,Donnie Cuthill,Juneau,Alaska
WAUAFAFL7FN395409,Abagael Evason,Boulder,Colorado
1GYUKHEF3AR858321,Fonz Farady,Anchorage,Alaska
1J4NF1GB5BD156347,Fleurette Camplejohn,Long Beach,California
1C3BCBGG3DN764095,Alfie Coules,Warren,Ohio
1FTMF1CW0AK179200,Roseanna Spindler,San Diego,California
1N6AA0EC9EN676328,Kylen Bestwerthick,Minneapolis,Minnesota
WA1WKBFP0BA264279,Maurise Titterington,Albany,New York
WA1WKAFP4CA722403,Lauree Huxton,Norfolk,Virginia
5TDBY5G11ES571854,Stan Mattam,Austin,Texas
W04GV5EV3B1764854,Harlin Etchingham,Shreveport,Louisiana
1HGCR6F39EA936449,Atlanta Whitwam,Jackson,Mississippi
1D7CE3GK9AS353260,Beulah Hiers,Raleigh,North Carolina
1N6AD0CW3EN144447,Teador Jindrich,Bronx,New York
JN1CY0AP3AM901278,Jobey Paris,Metairie,Louisiana
1G6DP8EV8A0421534,Lisette Lindback,Racine,Wisconsin
1N6AD0CU0CC642080,Angelica Winyard,Irvine,California
1GYS3EEJ7DR911114,Nicola Poulter,Tacoma,Washington
KMHGC4DD0EU707315,Adler Poynzer,Mansfield,Ohio
SCBZK25E52C156329,Gael Burberow,Omaha,Nebraska
JH4CL96988C429765,Ruttger Ryson,Pittsburgh,Pennsylvania
1G6DL1E34D0449661,Angie Delue,Chicago,Illinois
1D7RB1GK3BS579996,Adrian Priel,New Orleans,Louisiana
1N6BF0KM5FN987453,Page Oylett,Eugene,Oregon
1FT7W2A60EE193737,Aron Collyear,Roanoke,Virginia
1G6DM5EY5B0474761,Adolphus Ortler,Lubbock,Texas
19XFB4F28FE549014,Cleon Gimert,Virginia Beach,Virginia
SAJWA4DC7FM928779,Vinson Heffer,Newark,New Jersey
WDDGF4HB3EA621248,Wilie Undrell,Saint Paul,Minnesota
WBADS43492G265847,Porter Crudginton,San Diego,California
JTHHE5BC3F5859215,Eudora Skilbeck,Lees Summit,Missouri
KMHTC6AD8EU528986,Zilvia Bernardeau,Austin,Texas
1G6DL1ED3B0417368,Rafael Bellay,Grand Rapids,Michigan
WAUPFAFM3AA330687,Rodrique McKern,Sacramento,California
WAUSG74F99N286827,Griffin Whitham,Peoria,Illinois
KNAFU6A27B5845013,Florian Coulbeck,Albuquerque,New Mexico
2C3CDXCT9FH583791,Osborne Pellingar,Vero Beach,Florida
3D73Y3HL9AG935378,Xavier Haye,Round Rock,Texas
1G6AJ1RX5F0553164,Talia Myott,Saint Cloud,Minnesota
WAUDGBFL8CA402600,Alaric Betke,North Hollywood,California
5GAKRAED1CJ678790,Hubie Padgham,Washington,District of Columbia
WVGAV3AX4DW671625,June Ligertwood,Richmond,Virginia
WBA5A7C59FG018335,Dulciana Mulder,Macon,Georgia
WUATNAFG3EN601196,Etti Barbie,Odessa,Texas
WAUNF68P96A609628,Johnath Roselli,Palatine,Illinois
3D73M4CL2AG957022,Casper Peers,Edmond,Oklahoma
1ZVBP8AN2A5210114,Lydia Joinson,Chicago,Illinois
WAUKH94F56N927234,Alphonse Ellis,Jacksonville,Florida
KMHFH4JG5FA202501,Chuck Klamman,Springfield,Missouri
WBA5B1C58ED388556,Clarinda Boutcher,Salem,Oregon
SCBLC31E12C170985,Katerine O'Hear,El Paso,Texas
JN1CV6AP5BM390413,Hillard Jurs,El Paso,Texas
JN8AZ1FY2DW417561,Donny De Launde,Tucson,Arizona
WAUDFAFL3FN567223,Kate Childes,Washington,District of Columbia
KMHHT6KD4DU204789,Marilin Stanbrooke,Grand Rapids,Michigan
WAUBF98E08A253897,Madelin Critch,Fairfield,Connecticut
WAUJT54B03N486561,Jeannie Wishkar,Ashburn,Virginia
1FMJK1G56AE141349,Milton Fisher,El Paso,Texas
5TFCY5F14BX113706,Adriena MacCrosson,Marietta,Georgia
YV1672MK2C2907526,Kasper Barracks,West Palm Beach,Florida
WBAEN33444E595173,Joycelin Tarbox,Fresno,California
WAUBGAFC2CN090218,Drusilla Tidbold,Hartford,Connecticut
WBAKE5C54CJ411699,Gerry Cicconetti,Austin,Texas
SALWG2WF1EA065091,Marin Youthed,Flint,Michigan
JN8AZ1MU7EW421767,Herman Pilbeam,Houston,Texas
WA1YD54B43N859187,Betti McHale,Prescott,Arizona
1C4AJWAG9FL403949,Winne Trickett,Newton,Massachusetts
JH4DC53043S451988,Doug Howsden,Portland,Maine
WBAKG7C52BE316393,Carlita Morl,Knoxville,Tennessee
WBXPA93425W039162,Byran Dowthwaite,Tacoma,Washington
1G6DH8E55D0327435,Rafferty Elfes,New York City,New York
1GYUCDEF4AR918421,Ada Pontefract,Honolulu,Hawaii
1D7CW5GK1AS707586,Winn O'Glessane,Peoria,Illinois
SALFR2BG9DH493084,Brewster Cutridge,Washington,District of Columbia
3MZBM1L75EM460042,Sayres Riedel,Bakersfield,California
WBALW7C58DD020195,Morlee Swinerd,York,Pennsylvania
5UXFB93522L963627,Euphemia Soeiro,Charleston,West Virginia
1G6KF57941U986218,Dasi Banisch,Houston,Texas
WAUBH74F66N453427,Kingsley Keenlyside,Albany,New York
JN1CV6FE8FM071343,Brendan Esseby,Boston,Massachusetts
WAULT54B12N054942,Sonny Veevers,Richmond,Virginia
1G6DL5E39C0251700,Kristi Wortt,Largo,Florida
JTHBW1GG3D2344656,Pierce Paddingdon,Madison,Wisconsin
1C6RD7LP4CS538018,Shem Mongenot,Honolulu,Hawaii
3GTXKYEJ5AG329282,Nancie Gribble,Washington,District of Columbia
5N1AA0NE0EN321855,Cheryl Stonall,Sacramento,California
WA1WKAFP2BA147586,Cindie Condon,Miami,Florida
SALAB2D49DA761884,Cleo Whitsey,Carol Stream,Illinois
1N4AL3AP6EC741757,Fredericka Queripel,Phoenix,Arizona
1YVHZ8BH5B5173314,Jenelle Howkins,Memphis,Tennessee
19VDE1F50DE094897,Lanni Klemensiewicz,Nashville,Tennessee
1GD22ZCG7DZ247738,Gussie McKoy,Jacksonville,Florida
JM1NC2JF5D0786220,Daphna Wrathmell,Des Moines,Iowa
SCFBF03B77G557012,Gunilla Hessing,Mobile,Alabama
1G4GG5E33DF596326,Ula Simmans,Bronx,New York
2C4RDGEG1DR159695,Heall Siberry,New York City,New York
WBAPT7C55AC296054,Jorry Andriveau,Columbus,Ohio
JTHBW1GGXD2866474,Opalina Saul,Saint Cloud,Minnesota
WAUCFAFC9DN144171,Patricia Hasson,Decatur,Georgia
WAUWGBFB0BN121379,Lazarus Spir,Milwaukee,Wisconsin
KMHGN4JE2FU834348,Leticia Macvain,Cedar Rapids,Iowa
1N6AF0LX3FN426799,Lambert Henryson,Minneapolis,Minnesota
WBA3G7C57FK525317,Frankie Siddall,Ocala,Florida
WVWED7AJ0DW933569,Brittan Nibley,Monticello,Minnesota
JM1DE1KY7C0132589,Cordey Slesser,Memphis,Tennessee
1J4RG4GK4AC762081,Talbot Streater,Fort Wayne,Indiana
1VWAH7A3XEC279555,Lucio Sommerled,Washington,District of Columbia
YV1902FH9D2065658,Ginnie O'Reilly,Newark,New Jersey
WAUDL94F46N678125,Darryl Clitheroe,Tucson,Arizona
YV1612FH9E1054537,Kylila Gude,Minneapolis,Minnesota
WBAUN1C54BV819810,Amabelle Diwell,Augusta,Georgia
WBANE53506C080111,Giraud Stubbs,Miami,Florida
WBAKF9C59CE002532,Scarlet Guillford,Waterloo,Iowa
5TFBY5F14CX523127,Coleman Aloigi,Springfield,Illinois
WAUUL68E45A155970,Arlan Borrell,Clearwater,Florida
1FTEW1CW3AF064751,Stephanus Millichap,Tucson,Arizona
3FAHP0DC6BR418607,Quinta Carman,Shawnee Mission,Kansas
JM3ER2A55C0578933,Miguelita Alejandro,Wichita,Kansas
1GYS4RKJ8FR313092,Olivier Chappelle,El Paso,Texas
1G6YV36A695174521,Arlana Bickerdicke,Modesto,California
WAUDF78E38A436224,Linell Healeas,Stamford,Connecticut
1G6AD5S32D0317588,Jobie Creamer,Huntington,West Virginia
WDDEJ7EB3EA835569,Ondrea Piscot,Seattle,Washington
WBAEN33425E612618,Elsinore Aylett,Birmingham,Alabama
1FTNF1E89AK418634,Dayle Blakeley,Boise,Idaho
3D73M4CL8AG470651,Gisella Felmingham,Bethesda,Maryland
WDDHF5GB7AA905181,Alvan Rozycki,Colorado Springs,Colorado
YV1612FS3E1248928,Nev Bartolozzi,Portland,Oregon
SCBFR7ZA7CC843073,Antin Freschi,Nashville,Tennessee
5N1AA0NC8CN622532,Margaret Kirkebye,Washington,District of Columbia
WP0AA2A87EK466294,Douglass Vedenyapin,Columbus,Ohio
WAUPEAFM4AA127424,Darleen Loton,Dallas,Texas
SAJWA4EC5BM009176,Florian Mee,Boston,Massachusetts
1C3CDFDH5ED553588,Fax Hughland,Fort Wayne,Indiana
2G4WS55J041428255,Aundrea Fitzsymonds,Cleveland,Ohio
WAUSH98E87A715664,Prue Duhig,Sacramento,California
WBABN73463P561345,Giusto Robillard,Lubbock,Texas
SCFAD06D89G089146,Daune Pincott,New York City,New York
5TDDK3DC1ES622032,Andra Kilpin,Albany,Georgia
JN1CV6AP4BM022496,Kippie Dielhenn,Torrance,California
WAUDT74F95N033666,Wash Trippick,Arlington,Virginia
1G4GH5E31DF245766,Bonnee Collingham,Augusta,Georgia
WBANB33594B726195,Malina Mouatt,Rochester,Minnesota
WBAPM5C51BA943550,Imojean Bilby,Washington,District of Columbia
1G4GA5ECXBF098266,Issy Elleyne,Wilmington,North Carolina
JTJBM7FX3C5865902,Corey Dodshon,Roanoke,Virginia
SAJWA0F72F8701033,Rodolfo Karlsson,Humble,Texas
WAUNF98P08A955149,Isobel Radmer,Flushing,New York
1C4RDJAG6CC490671,Christie Wannell,Schaumburg,Illinois
JTHKD5BH9D2779100,Binny Keinrat,Milwaukee,Wisconsin
WBALM7C56EJ739289,Stefa Lipmann,Scottsdale,Arizona
1G6AZ5S37F0888904,Roddy Hammon,Scottsdale,Arizona
SALWR2TF4FA680153,Kurtis Haffard,Boca Raton,Florida
1FTSW3A50AE225751,Lowell Rozanski,Winston Salem,North Carolina
1FBNE3BL7AD592119,D'arcy Barr,Alexandria,Virginia
JN8AZ1MU8DW353803,Sigrid Gouck,Lexington,Kentucky
WBAEK73495B545386,Geordie Blouet,Amarillo,Texas
5UXZV4C54D0382092,Tucky Tedstone,Dallas,Texas
WAURFAFR8AA191922,Jordan Burns,Torrance,California
3GYT4MEF3BG780364,Rosie Corps,Salt Lake City,Utah
5N1AA0ND6EN011023,Corrianne Jeske,Fort Lauderdale,Florida
WBAWV53517P391836,Suzie Bothbie,Salt Lake City,Utah
JM3TB2BV2E0076734,Hatty Tippler,Anderson,Indiana
WUATNAFG8CN315437,Tarrah Bril,Sarasota,Florida
WP1AA2AP7AL081745,Trista Bodega,Erie,Pennsylvania
SCFAB02E99G131764,Edwina Seabrook,Fort Smith,Arkansas
WDDJK7DA7FF066244,Cort Bishell,Dallas,Texas
WBAKE5C58BE286049,Northrup Alison,Hollywood,Florida
1FTKR1AD6AP832535,Glenn Lendon,Minneapolis,Minnesota
1D7RW3BK9BS236505,Lanette Gherardelli,Greenville,South Carolina
WBAUN9C53AV715077,Rollo Neate,Denver,Colorado
3C63DPAL1CG135644,Thorstein Streat,Chattanooga,Tennessee
3D73M3CL4BG364760,Celestine Fluger,Anderson,South Carolina
WAUDGAFL4BA429818,Jeremie Fusedale,Detroit,Michigan
1G6DP8ED3B0106729,Dina Braunston,Sacramento,California
WDDUG7JB6EA067053,Dyna McCullough,Vero Beach,Florida
WA1VMAFE4BD815438,Christen Derks,Pueblo,Colorado
YV1902MC0F1780327,Toddie Ottee,Newark,New Jersey
2LMHJ5AT8EB027409,Welbie Carik,Las Vegas,Nevada
JN8AS5MTXFW470613,Keith Sirr,Toledo,Ohio
JHMFA3F24AS996733,Thorin Dargavel,Clearwater,Florida
1FTSX2B50AE297961,Ingar Dagwell,Saint Louis,Missouri
3D73M4CLXBG187945,Lea Serck,El Paso,Texas
1GT01ZCG7CF624115,Clevey Havvock,Virginia Beach,Virginia
1FAHP3HN7AW880330,Cris Gladyer,Plano,Texas
1G6KS54YX1U840624,Gwen Petworth,Tulsa,Oklahoma
WBAHN83517D278576,Gloria Boriston,Tampa,Florida
1N6AF0KY9EN720345,Yoko Willgoose,Memphis,Tennessee
WBAWB335X9P344336,Nicholle Malacrida,Daytona Beach,Florida
1G6DC5EG8A0608526,Bennett De La Haye,Portland,Oregon
1G6DM57NX30029050,Way Taphouse,Riverside,California
SCBGH3ZA4FC790823,El Phythien,Indianapolis,Indiana
JTMHY7AJ2A5846436,Kipp Huegett,New Haven,Connecticut
WP1AE2A27DL578114,Phyllis Pachmann,Migrate,Kentucky
3N1CN7AP9FL826170,Arnuad Bland,Fort Lauderdale,Florida
5UXFB53505L155886,Yolanthe Grouse,Kansas City,Missouri
1N6AF0LXXEN142410,Agretha Shalloe,Toledo,Ohio
WBASN2C58BC530177,Othello Vickors,Atlanta,Georgia
1FTEW1CM6DF945429,Sibbie Giottoi,Wichita,Kansas
5XYKT3A1XCG329862,Kania Winsor,Alpharetta,Georgia
WBAVB13556K075882,Eliza Rubinowicz,Mansfield,Ohio
1VWAH7A39EC988896,Bernardina Muehle,Cincinnati,Ohio
WBALW3C59DC426632,Dinah Kitter,San Jose,California
WAUDF98EX5A214514,Minnaminnie Dusting,Phoenix,Arizona
WBAVB73558P004559,Ker Presslie,Lees Summit,Missouri
SCBZK22E02C129043,Derrick Lampens,Mobile,Alabama
1N4AA5AP7BC031599,Christina Orae,Las Vegas,Nevada
5NPDH4AE2DH592022,Bruno O'Regan,New York City,New York
1GKMCCE3XAR896385,Kendra Nairns,Fort Smith,Arkansas
WAUDH98E68A004071,Dallas McNabb,Lexington,Kentucky
3VW507AT2EM631356,Mikol Happs,Huntington,West Virginia
1N6AA0CJ1EN761844,Homerus Mountney,West Hartford,Connecticut
WAUUL78E87A376058,Kit Dannehl,Winston Salem,North Carolina
WBA3N9C57EF033427,Suzanna Orgel,Lancaster,Pennsylvania
WA1CMBFPXFA385436,Aurthur Banton,Denver,Colorado
3FAHP0CG4BR784165,Colline Katz,Saint Louis,Missouri
1YVHZ8BH3B5121941,Berny Weatherhead,Pompano Beach,Florida
WBADX1C55BE495308,Derk Ericssen,Savannah,Georgia
SCBCP73W28C897322,Stephanus Slowan,Washington,District of Columbia
1FTSX2B57AE363650,Shaun O'Heyne,Denver,Colorado
WP0AD2A71EL890000,Erwin Biffen,Columbus,Ohio
3G5DB03E04S776749,Solomon Worster,Pompano Beach,Florida
WA1BY94L38D014855,Betsey Biesterfeld,New Orleans,Louisiana
1GYS4PKJ1FR376006,Shandeigh Venning,Naples,Florida
WAUDH74F56N806913,Pierette Pleace,Cincinnati,Ohio
1G6DK1E33C0136604,Meredeth Umpleby,Pasadena,Texas
WBAYA8C59FG127459,Mead De Pietri,Cleveland,Ohio
JN1CV6FE7EM630959,Gerladina Ridesdale,Salt Lake City,Utah
JA32U2FU2FU739082,Yanaton Shatliffe,Lansing,Michigan
JA4AD3A30FZ239467,Giffy Orwin,Sioux Falls,South Dakota
SCFAD01EX9G408482,Zachariah Fullman,Corona,California
3C63D3JL1CG129058,Rhona Oloshin,Fresno,California
WAUBH74F38N063789,Helen d' Elboux,Dallas,Texas
JTHBF1D20F5017562,Keenan Klouz,Springfield,Massachusetts
JN1CV6AP3DM587177,Ruth Stonham,Rochester,New York
3VW4T7AT2EM233776,Eddie Schapero,Kansas City,Missouri
1FTEX1CM5BK783424,Lorine Blaxlande,Columbus,Ohio
WUARL48H96K890286,Robinette Heinel,Wilmington,Delaware
1C4SDJCT5EC891241,Teena Willmer,Houston,Texas
JTEBU5JR1B5744098,Amitie Drewell,Los Angeles,California
WBAVC53567A990588,Byram Dmitrovic,New Orleans,Louisiana
1D7RV1GTXAS607291,Madeleine Lampart,Des Moines,Iowa
1G6DG8EG0A0114019,Myrna Lafranconi,Charlotte,North Carolina
3D4PH5FV7AT566459,Alta Kilgrew,Jacksonville,Florida
WAUAT48H23K592245,Colin Clewarth,New York City,New York
1N4AB7AP4EN229364,Elsie Exley,Rochester,New York
1FTEX1C8XAF388844,Cayla Petris,Sacramento,California
WAUKH78E36A260192,Antoine Tyrone,Phoenix,Arizona
5UXFA13545L395566,Caty O'Shirine,Amarillo,Texas
KNALN4D72E5513724,Robers Jellybrand,Syracuse,New York
WBAPT73509C435924,Smitty Bleckly,Gainesville,Florida
WAUEKAFB4AN791469,Rochella Jendrich,Kansas City,Kansas
WBSDE93401B727773,Brigida Hillborne,San Jose,California
1N6AA0CAXCN671962,Nadine Wrought,Chicago,Illinois
19UUA76658A065436,Davie Adrien,Corpus Christi,Texas
WVWAW7AH4BV198216,Bryanty Lawie,Pasadena,California
WAUGVAFR9AA615750,Decca Mabee,Salt Lake City,Utah
WBAEN33433E376316,Gennie Talks,Amarillo,Texas
JTDKDTB33C1093438,Belle Tysack,Memphis,Tennessee
WBANW1C53AC237791,Tammie Croyden,Lincoln,Nebraska
WVGEF9BP2FD462799,Arty Bambery,Sacramento,California
WBAYA8C52FG483557,Sylas Zealy,Orlando,Florida
3VW4A7AT8CM887927,Far Picton,Huntington,West Virginia
1GYUCDEF3AR946971,Vasilis Hollingsby,Corpus Christi,Texas
WUAUUAFG5CN735454,Annalise Huckerby,Clearwater,Florida
4T1BK1EB9EU633143,Bronny Gini,Orlando,Florida
WBA3B5G55DN677248,Zita Beneyto,Santa Cruz,California
1FMHK7B82BG037238,Gasper Somersett,Atlanta,Georgia
1C3CCBHG6CN199875,Hillel Allman,Albuquerque,New Mexico
SALAB2D48BA271451,Sheryl Gradly,Lincoln,Nebraska
3VW4A7ATXDM954898,Delia Strongman,Topeka,Kansas
3GYFK522X9G314290,Waylan Klehyn,Austin,Texas
2T1BURHE3EC916346,Moselle Clappison,El Paso,Texas
1G4HR54KX44897632,Daryle Galpen,Fullerton,California
SCBZB25E12C533139,Homere Drever,Garland,Texas
1FTFW1E80AF166124,Lily Aumerle,Charleston,South Carolina
5XYKT3A10BG787229,Griswold Scrivin,Detroit,Michigan
WBAKE5C54BE798049,Glenden Buckoke,Saint Paul,Minnesota
2C3CCAKG8FH818685,Kitti Caught,Nashville,Tennessee
WBAFV3C56FD032647,Baron Broadhead,Shawnee Mission,Kansas
1D7CE3GK2AS577616,Granthem Beeton,Greensboro,North Carolina
WAUEH98E18A788499,Brandy Kunrad,New York City,New York
JM1NC2EFXA0022045,Winfred Iddenden,San Jose,California
WBADS43432G516443,Rodney Busby,Sacramento,California
WBA3B3C5XFJ329711,Peter Tuckwell,Harrisburg,Pennsylvania
1N6AF0LY8FN121047,Henrik De Bischof,Jamaica,New York
WAUBF98E08A609748,Susanne Elfe,Nashville,Tennessee
KNDJN2A22F7510044,Brinna Isakson,Charlotte,North Carolina
JHMFA3F24AS005207,Hamnet Jewster,Henderson,Nevada
SCBLF44J99C658355,Elly Twiddell,Orlando,Florida
WA1YD64B05N239543,Tannie Lidell,Washington,District of Columbia
WUARL48H58K279108,Tommie Matuszynski,Dallas,Texas
5J8TB18557A923478,Kassia Navarijo,Lubbock,Texas
1D7RW3GK4AS447151,Artur Bard,South Bend,Indiana
KMHHT6KJ4FU396420,Fanni Brigg,New York City,New York
KNAFT4A26B5784423,Onfre Mintram,Jefferson City,Missouri
KMHTC6AD5CU716667,Lynnelle Gillibrand,San Antonio,Texas
WBAUT9C52BA978191,Ade Corragan,Carson City,Nevada
KMHFG4JG2FA093238,Ayn Packwood,Reno,Nevada
5GAKRAKD7EJ231078,Scarface Forgan,El Paso,Texas
WA1YD54B75N895684,Judye McGreil,Petaluma,California
1N6AF0KY8FN178981,Inglis Rasher,Philadelphia,Pennsylvania
SCBCR73W37C646785,Thebault Igounet,Dayton,Ohio
5NPEB4AC9CH815496,Howie Digwood,Peoria,Illinois
5GADS13S372711996,Janek Strowlger,Saint Augustine,Florida
1G6AB5RAXE0804596,Lew Burlay,Fort Lauderdale,Florida
WP0AA2A92FS156340,Morena Ohrtmann,Chesapeake,Virginia
SALVP1BG9FH498820,Prinz O'Nions,Temple,Texas
5NPDH4AE1FH742883,Christabella Redgrave,Charlotte,North Carolina
1GYS3SKJ1FR472952,Ally Hullins,Pomona,California
YV426MDA9F2541687,Demetre Burden,Shreveport,Louisiana
2C3CDXEJ4DH693947,Reggie Falconer-Taylor,Houston,Texas
2HNYD18811H112160,Rosy Jenner,Bismarck,North Dakota
WVWEU9AN4AE225521,Urbanus Andrat,Cape Coral,Florida
1FTWX3A58AE524399,Jenica Tuer,Norcross,Georgia
KNADM5A34F6456534,Florencia Marre,South Lake Tahoe,California
WBAVD53528A200203,Benoite Nind,Shawnee Mission,Kansas
WAUSVAFA7AN190882,Mollee Bullas,Phoenix,Arizona
WBADR63432G890266,Morna Rown,West Palm Beach,Florida
1G6DG5EG7A0433674,Charil Burnie,Washington,District of Columbia
1FTSE3EL1AD899179,Clim Klewer,Lima,Ohio
1FTMF1CW8AK116118,Tomaso Nannizzi,Fort Worth,Texas
1N6AF0LX7FN368163,Alexina Garnul,Austin,Texas
WBANV9C53AC273255,Christan De Mars,Boise,Idaho
1G6AA5RXXF0352691,Domeniga Braunter,Riverside,California
5N1AT2ML2FC978787,Alphonso Jerrolt,Huntsville,Alabama
JH4CU2F65AC819948,Avrom Bischof,El Paso,Texas
JH4KC1F99EC269257,Jerrie Last,Palmdale,California
1GYEE23A390164941,Anett Lowdeane,Waterbury,Connecticut
4T1BF3EK0AU556446,Miguelita Penketh,Tampa,Florida
1FTSX2B55AE154732,Jonathan Scarasbrick,Dallas,Texas
WAUUL98E27A346615,Saw Berre,Iowa City,Iowa
1G6AM1R30F0162685,Alphard Stirgess,Birmingham,Alabama
1G6AJ1RX1F0719356,Hamid Loker,Newport Beach,California
WBXPC93438W665396,Allegra Roxburch,Jacksonville,Florida
WAUEH48H37K374341,Kalle Greystoke,Van Nuys,California
2HNYD18401H113698,Bartholomeo Torricina,Phoenix,Arizona
WAUBFAFL5CA179484,Kyle Hazeldene,Scranton,Pennsylvania
JH4KB16628C795954,Christiane Dumbreck,Hot Springs National Park,Arkansas
4JGDF2EE4DA312804,Simmonds Wiltshier,El Paso,Texas
4T1BK1EB6FU593749,Malina Martynov,Columbus,Ohio
1G6DM5E32C0380228,Jose Skeemer,Louisville,Kentucky
WA1DKBFP3CA269095,Cathrine Steedman,Orlando,Florida
5N1AR2MM2FC848838,Pryce Eaddy,Port Charlotte,Florida
1G6KD57Y86U081288,Tabby McIlherran,Bridgeport,Connecticut
WA1WMAFE9CD750561,Hall Stafford,Glendale,California
3VWF17ATXFM002902,Jeniece Haton,Washington,District of Columbia
SAJWA0FB2BL027753,Phedra Morl,Boston,Massachusetts
4T1BD1EB5EU491206,Chucho Clemerson,Salt Lake City,Utah
KMHTC6AD7FU547398,Jeniece Prendiville,Kalamazoo,Michigan
SCFFDABEXCG845531,Poul Patrono,Fort Lauderdale,Florida
WP0AB2A95AS598034,Burty Trim,Des Moines,Iowa
WAUXL58E15A411084,Helyn Berntsson,San Francisco,California
SALVP1BG2EH037229,Franklin Neilson,Houston,Texas
5XYKT3A10DG757215,Mary Pinxton,Cincinnati,Ohio
2G61P5S37F9093024,Leese Scorthorne,Baton Rouge,Louisiana
WBALM73589E591290,Cissy Gisborne,Daytona Beach,Florida
1G6DS57V790022412,Salvatore Stower,Toledo,Ohio
5GADV23L85D215325,My Faldo,New York City,New York
3D7JV1EP7AG394441,Lorinda Mayer,Decatur,Illinois
1GD01ZCGXCF387003,Shirl Caltera,Topeka,Kansas
1N6AD0CU9FN272353,Elsa Aveyard,Jeffersonville,Indiana
WUAAU34238N776811,Ora Wayman,Sacramento,California
WAUFGBFB6BN129857,Gilberto Sebire,Whittier,California
1G4HE57Y58U400066,Antonie Ovey,Milwaukee,Wisconsin
JN8AS5MT7BW900009,Jane Lockie,Wilmington,Delaware
JN8AZ2NC8D9536824,Marja Cotgrave,Oxnard,California
WBAKG7C5XDE103176,Kerwin Chaves,Detroit,Michigan
WAUVT68EX2A429916,Moyna Fatharly,San Antonio,Texas
4T3BA3BB7CU383411,Angeli Raubheim,Warren,Ohio
5N1AR1NB1CC615858,Raymond Brunsen,Nashville,Tennessee
JN1AZ4FH3FM807048,Nealson Gutherson,Pittsburgh,Pennsylvania
JH4NA21664T354335,Ashlan Sneezum,El Paso,Texas
1G4CU541554628598,Alyss Adamsky,Fort Worth,Texas
TRUTX28N411599989,Nancie Brenstuhl,Saint Petersburg,Florida
19UYA425X1A542459,Minny MacAloren,Chicago,Illinois
WAUHFBFL3CN189620,Virgil Duhig,Jamaica,New York
WBAVB73587K443606,Krystyna Avramovitz,Sandy,Utah
2V4RW3D14AR779216,Carmencita Mariotte,Shawnee Mission,Kansas
JTDKN3DP5C3754839,Sadella Jopke,San Luis Obispo,California
WBA3R1C54EF690840,Kellen Brannan,Saint Petersburg,Florida
4JGDA0EB3FA566838,Padgett Sparks,Chicago,Illinois
ZFBCFAAH7EZ396052,Basilius Rapi,Orlando,Florida
1GYEE637270769834,Nap Smedmoor,Riverside,California
JN8AF5MR9BT909787,Nonnah Lovemore,Los Angeles,California
WBAPT73588C058631,Albie Corthes,Oklahoma City,Oklahoma
5UXKR6C58E0200218,Siouxie Rosenau,Dallas,Texas
19UUA56633A607095,Bevvy Edgerley,San Bernardino,California
19UUA66255A104691,Bryant Offiler,Omaha,Nebraska
JH4KA96664C740550,Fifi Overington,Pensacola,Florida
3MZBM1K72EM045973,Pet Kellie,Albuquerque,New Mexico
WAUFFAFC0DN473810,Skip Peinton,Akron,Ohio
WAUEF78EX8A168096,D'arcy Renish,Tulsa,Oklahoma
JN1AZ4EHXEM516904,Selina Truscott,Modesto,California
TRUWT28N741007109,Maryanne Melluish,Tuscaloosa,Alabama
2C4RVAAG6CR186017,Curran Goodrum,Austin,Texas
WBA3B3G59EN149881,Rafi Critten,Roanoke,Virginia
1GD311CG1FF539060,Colette Clilverd,Lincoln,Nebraska
1C3CCBCG7EN564817,Kelila Tumbridge,Houston,Texas
KNAFK4A60F5171628,Ralph Rockall,Washington,District of Columbia
WBA1M1C52FV628222,Randene Goodin,Orlando,Florida
WAULT58E55A445933,Theo Ethridge,Fresno,California
1N6AF0KX7FN851086,Doralyn Frodsam,Albany,New York
3GYFK52209G438536,Bevon McGeachie,Indianapolis,Indiana
WVWGU7ANXBE941760,Raymund Balcers,Santa Rosa,California
4USBU535X8L545368,Riane Tuffey,Wichita Falls,Texas
1G6KE57Y83U414808,Wandie Spring,Saint Paul,Minnesota
3TMJU4GN8AM085234,Munmro Kenworthy,San Diego,California
JH4CL95954C558557,Rosamond Louthe,Little Rock,Arkansas
KMHHT6KD2AU100975,Morlee Nudde,Rochester,New York
2FMDK3JC2AB601148,Terence Sundin,Metairie,Louisiana
1G6KF54922U591573,Harmonie Brooking,Phoenix,Arizona
SCBLF44JX8C740478,Wye Leadbeater,Dallas,Texas
5N1AR1NB8BC463897,Kane Greene,Houston,Texas
2C3CDXJG9EH725271,Freddie Orable,New York City,New York
WAUEV94FX7N772574,Kristo Feron,Birmingham,Alabama
2FMDK3GC1AB483620,Aeriell Remer,Des Moines,Iowa
JM3TB2MA9A0535911,Clerissa Heinreich,Omaha,Nebraska
JTHBK1EG9C2544213,Brigit Cripps,Houston,Texas
19VDE3F3XEE233039,Eamon Lacheze,Boston,Massachusetts
1D7RW7GPXAS475524,Carrol Pead,Peoria,Illinois
5TDBK3EH2DS090161,Kristy Cumo,Austin,Texas
YV1902MD6F1077968,Benjamen Boldison,San Antonio,Texas
JN1CV6AP1CM769376,Roi Wasbrough,Rochester,New York
1G6DP577960117147,Leonore Livingstone,El Paso,Texas
YV4852CT0A1496514,Quintana Cotte,Alexandria,Virginia
JM1NC2NF5E0971654,Prentice Rathe,Galveston,Texas
WAUXL58E44A874576,Aubrette Dairton,Fort Wayne,Indiana
WA1FFCFS6FR321560,Murial Baraclough,Peoria,Illinois
JH4CU2F67CC305831,Bordy Moger,Charleston,West Virginia
1FMJK1G56AE048976,Trenna Bond,Colorado Springs,Colorado
4T3BA3BB1EU030603,Woodie Robbie,Huntington,West Virginia
WDDHF2EB7DA005080,Nealon Bilsland,Tampa,Florida
1GKUCFDJ2AR698577,Leroi Guyet,Chicago,Illinois
1G6DP577270687220,Bev Spratling,Tulsa,Oklahoma
1FTEW1C8XAK097805,Farah Kedslie,Louisville,Kentucky
5N1AR2MM7FC416424,Vania Laetham,Birmingham,Alabama
SCFHDDBT1EG802224,Eveleen Mitchely,Oakland,California
WP1AB2A29FL710964,Reinhold Kynoch,Tucson,Arizona
1FTFW1E80AK224496,Dyanna Ottawell,Tulsa,Oklahoma
WP0AA2A96CS983639,Wright Battams,Modesto,California
2HKRM3H34FH371671,Agnella De Moreno,Atlanta,Georgia
JTHBL1EF3E5522262,Art Custed,Chicago,Illinois
5N1AN0NW8EN227168,Alyda Biasioli,Lynn,Massachusetts
WAUSF78K99N473527,Aube Merfin,Glendale,Arizona
JH4CU2F6XBC930836,Jackie Gullane,Wichita,Kansas
1G6DN57S150526882,Broderick Sherborn,Columbus,Mississippi
JN1AJ0HP2CM458044,Meggy Kelley,Modesto,California
TRUVD38JX91043198,Inessa Perl,Young America,Minnesota
3G5DA03L57S563754,Leonora Marie,Dallas,Texas
JN1AZ4EH8BM418286,Dot Staniforth,South Bend,Indiana
WBSBL93434P049167,Wylie Casajuana,Columbus,Ohio
WAUEKBFB0AN982618,Noam Selwood,Charlotte,North Carolina
2HKRM3H52DH076972,Abe Qualtrough,Fort Pierce,Florida
W04GN5EC3B1789168,Paloma Ryding,New Orleans,Louisiana
WBAYP9C52ED220943,Trefor Merfin,Norfolk,Virginia
5FPYK1F21CB968620,Shermie Harwick,Lansing,Michigan
JN8AZ2KR5BT287021,Theda Hearnshaw,El Paso,Texas
4JGBB9FB2AA730435,Shana Greenroa,Charlotte,North Carolina
JH4KC1F38EC723171,Halie Maddocks,Tucson,Arizona
WAUXG94F99N424125,Marissa Harbison,Shreveport,Louisiana
SCBLC37F03C246956,Jase Semarke,Spokane,Washington
WAUDF78E68A845723,Teodoro Webley,Fort Myers,Florida
5LMJJ2HT0FE615986,Domini Kenwood,Memphis,Tennessee
1FMJK1G53CE978739,Dael Gong,Shawnee Mission,Kansas
WA1DKBFP7CA718830,Cinnamon MacComiskey,Tampa,Florida
WAUEH48HX8K549895,Neddy Imlach,Bellevue,Washington
1GYFK63868R462136,Wright Shilito,San Francisco,California
2HNYD288X7H931067,Bart Hawton,San Francisco,California
WBAPH53549A746354,Coral Coxhead,Jackson,Mississippi
WAUSF98E07A393415,Mona Louder,Irvine,California
1D4PU4GK6BW690051,Bethina Genner,Houston,Texas
JTJYWRBZ4F2865131,Cybill Haveline,Portland,Oregon
JN1CV6AP8BM485628,Byrle Courtliff,New York City,New York
WAUEH54B71N370354,Jilli Brisley,Abilene,Texas
1GKS1EEF5CR722780,Felita Foddy,Athens,Georgia
WAUUFAFH3DN333057,Fenelia Remnant,Oceanside,California
1G6DJ577790570818,Gratiana Ridgewell,Richmond,Virginia
WAUDF58EX5A009557,Kaja Cudby,New York City,New York
TRUTC28N861789412,Romona Francescozzi,Watertown,Massachusetts
JHMGE8G32BS127949,Conan Simionato,Salt Lake City,Utah
WAUFEAFM9AA366494,Grete Ivashinnikov,Peoria,Illinois
19VDE1F56EE560723,Wilmette Biermatowicz,Redwood City,California
5GAKRBKD2DJ881005,Dona Cutford,Miami,Florida
WBA6A0C59DD913253,Gay Dybell,Sacramento,California
3D7TT2HT5BG827365,Pooh Phair,Metairie,Louisiana
JN8AZ2NCXD9192302,Fredra Oger,Durham,North Carolina
1G4GD5ED3BF009119,Jackquelin Webb,Colorado Springs,Colorado
2T1BU4EE5BC818955,Ilka Padginton,Decatur,Georgia
KNADH4A3XA6839904,Ninette Sabie,Washington,District of Columbia
WAUGL78E05A190315,Nettle ducarme,Pensacola,Florida
JTDKN3DU8A0243324,Rudolf Elms,Corona,California
KNDMG4C71B6794178,Cassandre Nelle,Oklahoma City,Oklahoma
W04GZ5GV4B1167536,Corny Kintish,Saint Louis,Missouri
5FRYD4H43GB031985,Trescha Ord,Houston,Texas
WBANF33506C091918,Trevor Wigley,Palmdale,California
1N4AB7AP6EN972897,Arlin Lichfield,Raleigh,North Carolina
2HNYD18875H103419,Lynn Massinger,Whittier,California
SAJWA1EK0EM319214,Margaretta Chill,Saint Louis,Missouri
WAUGL78E36A980368,Delphinia Benediktovich,Miami,Florida
3C3CFFAR4ET227802,Linet Sinisbury,Baton Rouge,Louisiana
JTDKDTB38F1553388,Maridel Wisniowski,Grand Rapids,Michigan
5UXFB93523L249708,Conant Lofts,Tucson,Arizona
1G6AJ1RX7F0989210,Susanetta MacAnelley,Columbia,South Carolina
1YVHZ8BH2A5276253,Obie Bonifazio,Minneapolis,Minnesota
WBAKB0C57BC296935,Ari Pittendreigh,Largo,Florida
1G6DS1E3XD0713193,Anna-diane Lygoe,Springfield,Illinois
WBA3G7C58EF012178,Elijah Aspinwall,Houston,Texas
JTEBU5JR6D5308298,Peirce Zoellner,New Haven,Connecticut
WP0AA2A93BS734472,Seamus Ivell,Oceanside,California
WA1CMAFP9EA478425,Kym Rollins,San Francisco,California
5FRYD3H69GB600608,Bern Exrol,Pocatello,Idaho
WBA3N5C51EF180819,Fabio Breukelman,Tacoma,Washington
1FTEX1CV4AF728852,Carey Lannin,Salt Lake City,Utah
YV126MFB1F2885937,Janie Dongate,Lynchburg,Virginia
KNADH4A31B6670826,Derwin Giacoboni,Minneapolis,Minnesota
WA1DMAFP7EA391403,Tanhya Marchello,New York City,New York
WBAYF8C50ED775905,Cynthia Cobon,Winston Salem,North Carolina
WBAGN83443D166478,Dwayne Lathaye,Washington,District of Columbia
SCBCP7ZA1AC698005,Antonella Bredgeland,Kingsport,Tennessee
1GYS3MKJ9FR901475,Avram McIlherran,Bradenton,Florida
WBA3V5C5XF5241835,Karina Brahms,Richmond,Virginia
WAUDGAFL0AA796567,Andrea Stonhard,San Diego,California
JN1CV6EK1DM885502,Tabbatha Coogan,El Paso,Texas
YV4902DZ4E2628163,Ivett Corston,Brooklyn,New York
SAJWA2EK9EM012906,Samuel Lowsely,Lexington,Kentucky
2C3CDXHG9DH838092,Herb Sciusscietto,Sacramento,California
WBAUN93579V142986,Jordon Razzell,Cincinnati,Ohio
SCFKDCEP4EG228717,Sheryl O'Noland,Salt Lake City,Utah
JM1BL1H36A1592231,Blondy Gregson,Dallas,Texas
JM3KE2BEXF0725166,Aleksandr Derges,Vienna,Virginia
KL4CJHSB2EB243029,Marleen Di Pietro,Richmond,Virginia
1G4PP5SK0C4193457,Adolf Golsworthy,Cincinnati,Ohio
5NPEB4AC5BH677647,Roxie Rubinov,Wichita,Kansas
WAUMFAFL2CN579830,Roxanna Agutter,Oklahoma City,Oklahoma
KNDMG4C7XE6938413,Joline Collihole,Chicago,Illinois
2G4WC582961384924,Ulric Chinnick,Colorado Springs,Colorado
JTEBU5JR8F5358929,Ambrosio Dignam,Tulsa,Oklahoma
3D73Y3CLXBG374925,Abraham Stemson,Denver,Colorado
19UUA8F54CA846275,Weber Borrell,Homestead,Florida
JH4KB16368C455888,Calvin Furst,Fayetteville,North Carolina
1GD312CG8BF685309,Angelique Bartalot,Jersey City,New Jersey
1G4GG5E39CF205565,Addia Sherel,Amarillo,Texas
SCFFBCBD3AG752176,Shaylah Farrimond,San Bernardino,California
WAUGL98E45A358095,Somerset Inmett,New York City,New York
YV4902DZ6B2678932,Reinold Marcq,El Paso,Texas
KM8NU4CC6BU135644,Nerty Marrett,Jacksonville,Florida
KNAGM4AD8E5938931,Ingeberg Caines,Tuscaloosa,Alabama
1G6DD67V280822369,Sidnee Bamford,Fort Worth,Texas
1GTN1TEH2FZ141885,Isidor Beeby,Saint Louis,Missouri
WBAWV53549P095440,Nikolas Stert,Roanoke,Virginia
WAUMFAFR5EA230224,Adair Greathead,Lancaster,Pennsylvania
WAUHE98P69A457359,Niles Bendix,Lexington,Kentucky
WVWED7AJ6DW453858,Erin Cutress,New York City,New York
JM1NC2JF2F0863595,Carolann Brownhall,Salt Lake City,Utah
1N6AD0CU4CN822120,Aldon Pessolt,Philadelphia,Pennsylvania
SCBLE37G45C246240,Jennee Tubby,Bismarck,North Dakota
WBXPC93478W876360,Alfonso Pashan,Hattiesburg,Mississippi
1GYFK36229R049735,Norma Durrance,Jacksonville,Florida
SCBBB7ZH0FC400252,Wilmar Balcombe,Round Rock,Texas
1FBAX2CM9FK582821,Darda Pendlebury,Rochester,New York
JTJBM7FX6B5659505,Baillie Sturton,Lansing,Michigan
WA1VMBFE4AD744777,Mara Mutton,Mobile,Alabama
3FADP0L34CR636028,Charmion Jubert,Austin,Texas
1N6AA0EC7FN472449,Madelaine Moffat,Tucson,Arizona
1HGCP2E82AA546587,Kelby Forlonge,San Antonio,Texas
1G6AE1RX0F0032924,Crystie Osborne,Springfield,Illinois
WAUMFAFL4CN280775,Kendal Novakovic,Orlando,Florida
5J6TF1H38BL792667,Ophelia Rozec,Garden Grove,California
4T1BD1EB0DU316909,Emmeline Alldre,Van Nuys,California
WAUYGBFC0DN666065,Anatol Houdhury,Fort Lauderdale,Florida
WBAKB4C56CC146341,Sharla Garcia,Boise,Idaho
3VW507AT0FM734373,Davie Coorington,San Jose,California
1C4RDJEG6FC256755,Scottie Dumsday,Philadelphia,Pennsylvania
1G6DM5EVXA0671686,Alexi Quan,Little Rock,Arkansas
3D7JB1EPXAG623431,Rudy Maskew,Greenville,South Carolina
1FT7W2A65EE110674,Josephine Calyton,Chicago,Illinois
SCFEBBDL9EG714242,Ivor Fagence,Washington,District of Columbia
1FTSW3B53AE302241,Rollie Kissock,Cincinnati,Ohio
JTHCL5EF6F5751466,Susi Taphouse,Pittsburgh,Pennsylvania
2C4RDGCG3FR481907,Nigel Sebley,Bonita Springs,Florida
5TDDK4CCXAS018657,Suzie Churchard,San Jose,California
JM1NC2LF7F0393464,Stormy Lebarree,Erie,Pennsylvania
1D7CE3GK4AS008489,Abbye Earney,Salt Lake City,Utah
3C4PDCAB0DT533205,Hall Bollands,Newton,Massachusetts
3D7TP2CT7AG600270,Sean Jambrozek,Port Washington,New York
SCFAD01A77G642573,Abagail Atterbury,New York City,New York
NM0KS7AN0AT329333,Rheba Claricoats,Sacramento,California
5NPDH4AE2CH422371,Doti Iorizzi,Lancaster,California
19UYA42652A920164,Katuscha Duesberry,New Haven,Connecticut
5TFBY5F18DX507403,Minta Thonason,Baltimore,Maryland
WAUEV94F27N485634,Dallis Barkus,Fargo,North Dakota
5TDBM5G15CS651053,Freedman Craze,Fresno,California
WBAAZ33453P588268,Justinn Reddin,Littleton,Colorado
WAUHF98P96A072113,Burgess Westfalen,Tampa,Florida
3VWJX7AJ0AM932176,Quincy Lumm,Hicksville,New York
WBAYB6C55ED788231,Grover Stobo,Philadelphia,Pennsylvania
WAUAF78E55A404471,Killian Mussolini,Ogden,Utah
SAJWA4EC4DM028188,George Pott,Akron,Ohio
1G6AH5SX5D0100690,Merna Borthwick,Sacramento,California
WBA6A0C58FG622938,Sollie Godmer,Charlotte,North Carolina
1GTG5AEA6F1644502,Noble Fookes,Lansing,Michigan
1FTWX3B58AE399435,Juliette McManamon,Daytona Beach,Florida
WVWED7AJ7BW511814,Barb Woollends,Battle Creek,Michigan
YV1672MS4B2296977,Julita Atwool,Hialeah,Florida
1FTEW1CF7FF862953,Anders Shirley,Lexington,Kentucky
WAURFAFR6CA636497,Etty Jewell,Trenton,New Jersey
SCBFT7ZA5FC598831,Konrad Sennett,Topeka,Kansas
1G6AB5R37E0022015,Oliver Tait,San Francisco,California
3D4PG9FV1AT758163,Nichols Keeri,Louisville,Kentucky
2B3CK5CT8AH702821,Samaria Behrendsen,Bronx,New York
JN8AZ2KR9CT769749,Bunni Wilsdon,Fort Smith,Arkansas
JTEBU4BFXCK997356,Salli Lee,Charlotte,North Carolina
1FTNF1E83AK315936,Filide Cartmale,Henderson,Nevada
1G6AX5S38E0047601,Efrem Batha,York,Pennsylvania
SCFHDDAJ2AA404193,Teodoor Kelloch,Billings,Montana
WAUWFAFR6DA166587,Harlie O'Cahsedy,Humble,Texas
JN8AF5MR3CT495133,Pegeen Daykin,Farmington,Michigan
WAUEFAFL7EN054138,Franchot Ebbetts,Chattanooga,Tennessee
1G4GD5ER1CF814064,Bradan Deabill,Modesto,California
1GKKRNED1DJ388870,Ronny Dielhenn,Atlanta,Georgia
3GYEK62877G856885,Daniel Gilloran,Pittsburgh,Pennsylvania
JH4NA126X4T200252,Demeter Humpatch,Fort Lauderdale,Florida
JTMHY7AJXF4441907,Montgomery McMakin,San Diego,California
1D7RB1CP9BS489981,Tiler Gatland,Dallas,Texas
1G6KD57Y58U213541,Simone Philip,Schaumburg,Illinois
WA1DGBFE9CD321585,Omar Devers,San Diego,California
KNAFU5A20B5664023,Avril Di Domenico,Camden,New Jersey
JN1AZ4EH1EM595945,Ashley Gommowe,Honolulu,Hawaii
1B3CB4HA1AD053247,Artemis Critzen,Columbus,Ohio
5UXFE83547L590616,Cale Truitt,Salt Lake City,Utah
3D73M4CL1AG057941,Tessy Kornel,Peoria,Illinois
1NXBU4EE3AZ644428,Joellyn Heal,Denver,Colorado
3C3CFFCR3DT290014,Otis Clancy,Houston,Texas
3MZBM1U78EM899217,Niccolo Trusse,Hamilton,Ohio
WAULC68E55A422156,Valli Fredi,Austin,Texas
WVGAV7AXXFW549619,Palm Colbridge,Portland,Oregon
2HNYD28558H694799,Kermit Southgate,Chula Vista,California
WBA3V5C5XEJ995081,Modesta Hearmon,Redwood City,California
JN8AZ2KR0CT116100,Dugald Caddell,Tulsa,Oklahoma
5GAKVCKD8DJ429903,Fredrika McCuish,Silver Spring,Maryland
5GALVCED6AJ652551,Anita Chalder,Portland,Oregon
WAUML44D53N651366,Lockwood Matthesius,Cape Coral,Florida
JN8AE2KP3C9937120,Sianna Nare,Sioux City,Iowa
WVGEF9BPXFD608902,Milicent Hakonsen,Fullerton,California
WAUR2AFDXDN715214,Gabriel Mothersdale,New York City,New York
WAUWGAFC1EN775993,Teodor Hulett,Oklahoma City,Oklahoma
2G4GN5EC0B9138626,Jon Grouvel,Wichita,Kansas
5N1CR2MM2EC046880,Philipa Jepps,San Antonio,Texas
WBAWV53518P109891,Walliw Bulled,Albany,New York
1GKUCHE01AR048138,Patrizius Dello,Denton,Texas
WAUGU54D51N241339,Maritsa Chadwin,Jamaica,New York
5UXKR6C50F0288649,Hollis Knibb,Columbia,South Carolina
JTEBU4BFXDK872570,Jaime Boulter,Dayton,Ohio
JN1CV6FEXBM789230,Basilius Andrysiak,Naples,Florida
SCFAD01A05G062935,Drew Bigham,Pittsburgh,Pennsylvania
3FAHP0GA6AR202958,Griffin Hurford,Asheville,North Carolina
SCBLF34F26C239359,Amy Ricards,Oklahoma City,Oklahoma
WAULT58E94A680267,Barnaby Cossans,El Paso,Texas
1G6DH8E53C0391889,Johann Mealand,Chicago,Illinois
JTHFN2EY4A9695939,Cazzie Muddiman,Washington,District of Columbia
WBSKG9C5XDJ504208,Michaela Cockland,Gaithersburg,Maryland
WAUGFAFC0DN904831,Fianna McGuffie,Philadelphia,Pennsylvania
1G4GE5G37EF797375,Bailie Cockerell,Huntsville,Alabama
5N1AT2ML7EC024406,Jeremy Hazle,Kansas City,Kansas
WUARL48H05K784212,Morlee Catlow,Wilmington,Delaware
SCFFDAAE9BG899435,Diarmid Angier,Dallas,Texas
19XFA1E34BE639332,Conrad de Keep,Minneapolis,Minnesota
KM8JT3AF6FU422562,Jeth Heugh,Saint Cloud,Minnesota
1GYFK56229R960577,Pierce Hinstridge,Fort Lauderdale,Florida
WDDEJ9EB0EA502614,Nathalie Izzett,Minneapolis,Minnesota
1FMJK1JT4FE526245,Hyacinth Ivimy,Pomona,California
5LMCJ1A99FU552703,Alana Pullin,Newark,Delaware
WBA3D3C57FK290614,Orbadiah Genge,Charlotte,North Carolina
1G6AU5S84E0165567,Mitchael Gever,Phoenix,Arizona
WVGAV3AX7DW768026,Ron O'Leary,Erie,Pennsylvania
19UUA8F36DA955935,Juliette Village,San Jose,California
1GYS4UKJ4FR424564,Sutton Brambill,Washington,District of Columbia
WDDHH8HBXBA599606,Orazio McKim,Norfolk,Virginia
WUARL48H27K579106,Anthony Germon,Nashville,Tennessee
WA1EY94L49D566069,Veronike Doorbar,Saint Louis,Missouri
TRUTC28N831304343,Margarita Renac,Shawnee Mission,Kansas
WBAHN03557D674320,Zaccaria Tollit,Saint Louis,Missouri
WAUSGAFB5AN307779,Charis Soppitt,El Paso,Texas
WAU4FAFL1BA849202,Lin Gapper,Chicago,Illinois
WAULD64BX3N032409,Lorne Hanham,Naples,Florida
WAUWFAFR5CA980230,Emlynn Hould,Baton Rouge,Louisiana
3GTU1YEJ3BG608642,Lorne Bramhall,Washington,District of Columbia
1G6DZ67AX80626467,Sheelah Philippet,Hartford,Connecticut
2T1BURHE1EC459892,Breanne Read,Oakland,California
WUAUUAFG9EN785728,Erda Creber,Tulsa,Oklahoma
JM3TB2BV3E0453801,Quint Hurler,Green Bay,Wisconsin
3GYVKMEF6AG177552,Gertrudis Mongeot,Lima,Ohio
WBADR63411G450285,Ardenia Chatelet,Virginia Beach,Virginia
1VWAH7A36EC084519,Harp Stearne,Washington,District of Columbia
2C3CDXEJ9FH451674,Urban Haversham,Spokane,Washington
SCBLC43FX5C518539,Bondy Bigham,Milwaukee,Wisconsin
WBA3B3G59DN158126,Lark Hewkin,Scottsdale,Arizona
1G6KY549X1U728431,Isiahi Westwell,Newark,New Jersey
1N6AA0CA8FN423665,Judah Le Fleming,Las Vegas,Nevada
WAUAH74F66N767784,Dorthea Minster,Fresno,California
WAUDGBFL8DA939162,Denny Hucke,Wichita,Kansas
JN1AZ4EH8DM482007,Miguel Pittock,Detroit,Michigan
KNADH4A39B6043873,Christy Pelling,El Paso,Texas
2HNYD28468H903913,Samaria Ulyat,Tampa,Florida
1FTEW1CM3EK442532,Sinclair Panting,San Antonio,Texas
JTDKDTB38D1076927,Vanny Joseff,Dearborn,Michigan
WVWAA7AJ9CW414543,Demetri Dobbings,San Jose,California
WBA3A5G53CN292899,Normy Maile,Fort Lauderdale,Florida
KL4CJDSB4EB794359,Tansy Berard,San Francisco,California
2C3CCAPG4DH073228,Amory Golley,Fayetteville,North Carolina
19VDE1F55EE725239,Berenice Antalffy,Provo,Utah
5N1AN0NW3EN984009,Tremaine Lindeman,Saint Louis,Missouri
1GYS3SKJ0FR300959,Bronnie le Keux,New Orleans,Louisiana
3C6TD5FT0CG684734,Thorstein Dollen,Staten Island,New York
1GYFC13219R206225,Isacco Sawyers,Indianapolis,Indiana
5NPEB4AC7DH545802,Dierdre Sturley,Seattle,Washington
WAUPL58E44A047905,Kienan Rubinov,Salt Lake City,Utah
3VWF17AT1FM238225,Cristine Sacaze,San Diego,California
KMHFH4JG1EA266369,Rutger Popple,Danbury,Connecticut
WAUGL98E95A382151,Shaylynn Shorto,Fort Lauderdale,Florida
WBASN4C58CC807231,Robert Drydale,Tuscaloosa,Alabama
2G4WS52J351738308,Tadeo Wing,Newark,Delaware
JM1NC2LF1F0334863,Alfred Kirkham,Los Angeles,California
1J4RR4GGXBC395209,Stanfield Schulze,Des Moines,Iowa
5N1AA0NC0CN671904,Had Flinders,Shreveport,Louisiana
1G6AB5SX5E0322875,Delcina Ashe,Washington,District of Columbia
WBAHL03596D941141,Fawn Dudenie,Gatesville,Texas
5TDDK3DC6BS378552,Elwyn Blann,Roanoke,Virginia
WDDGF4HB7DA969049,Stearne Inchbald,Albany,New York
WAUBF98E87A300284,Elnora Akenhead,Sacramento,California
KL4CJASB5DB933234,Gerhardt Iacovuzzi,New York City,New York
JH4KA96554C265092,Monte Hradsky,Orlando,Florida
1N6AA0EC5EN567994,Melissa Fairbourn,Dallas,Texas
WAUGFAFR3AA972791,Milo Emm,Johnson City,Tennessee
1N6AD0CU3BC301979,Linell Goulthorp,Kansas City,Kansas
JHMZF1C69ES266347,Fania Buxy,Youngstown,Ohio
JN1AZ4EH5AM470070,Brew Houchen,Huntington,West Virginia
WAUJT54B63N402078,Luca Rue,Lincoln,Nebraska
KNADH5A38B6959028,Jimmie Hessentaler,Youngstown,Ohio
1FTWF3C5XAE119578,Lotte Beswell,Lansing,Michigan
SCBBR93W99C345559,Faber Aberdein,Aurora,Illinois
WBA4A9C53FD416794,Wynny Ilden,Scottsdale,Arizona
2G4WS52J221432101,Katherina Ficken,Los Angeles,California
2HNYD186X6H669087,Kalila Dumberell,Rockville,Maryland
WAUEH98E48A769364,Tades Kilgallon,Fresno,California
WAUMFBFL9BN692372,Lexis McGlaughn,Pensacola,Florida
SCFAD05DX9G585597,Marrissa Jacklings,Raleigh,North Carolina
1GYS4TKJ1FR080637,Gertrude Greensite,Amarillo,Texas
WBABW33424P608507,Donni Di Domenico,Amarillo,Texas
1FTSW2B5XAE001556,Raine Woodstock,Austin,Texas
WAUGFAFR1BA423950,Naoma Doy,Decatur,Illinois
WP0AB2A97AS010053,Mavra Rodders,Scranton,Pennsylvania
SCFFDABMXEG622805,Maryjo Chessor,Alhambra,California
WP0CB2A82FK453038,Erl Manning,Northridge,California
JTHBP5C21E5504077,Carlie Hugo,Houston,Texas
1G6DL8E37C0301012,Fanni Price,Louisville,Kentucky
1FT7W2A67EE821132,Donnamarie Himsworth,Oakland,California
WBAFZ9C50CC572939,Marleen Klazenga,Montgomery,Alabama
WAUUL98E06A221918,Carmen Nottram,Bakersfield,California
5LMJJ2H54EE327372,Elene Newbatt,Frankfort,Kentucky
JN8AS5MT5DW873668,Theodor Joskowicz,Chicago,Illinois
WVWED7AJ6CW623554,Livvy Fotherby,Lansing,Michigan
WAUVFAFH4BN363055,Ephrayim Farnes,Dallas,Texas
VNKJTUD3XFA686503,Cherish Barkley,Tacoma,Washington
JTHBP5C20B5573175,Edgard Stalman,Los Angeles,California
1GKS1GEJ3DR736520,Bil Crickmer,Fresno,California
4T1BF3EK8AU808301,Benedict McKeurton,Dayton,Ohio
KMHDB8AE6CU577404,Darlleen Everal,Lynn,Massachusetts
1G4GG5G39DF507307,Issi Dancy,Houston,Texas
WAUGGAFR1DA328398,Yoshiko Swalwell,San Bernardino,California
1FTNX2A56AE933684,Patrice Quernel,Denver,Colorado
1GYS4DEF7CR478203,Ara Rudloff,Sunnyvale,California
WBA3T3C56F5005323,Chrysa Stubbeley,Stockton,California
2C4RDGEG9FR114796,Osbert Fick,Buffalo,New York
WVGEF9BP2FD104585,Jamey Olexa,Washington,District of Columbia
WBA4C9C53FD550053,Anny Benoix,Harrisburg,Pennsylvania
WVWGU9ANXBE030758,Leshia Blanque,Charlotte,North Carolina
SAJWA2GZ2E8738447,Lucho Nourse,San Jose,California
2G61U5S37D9283170,Cyndi Baysting,New York City,New York
WBAEN33422P673063,L;urette Beahan,Columbia,South Carolina
3VWML7AJ3EM359031,Michell Wyld,Indianapolis,Indiana
1G6DZ67A080379184,Emmerich Siman,Moreno Valley,California
JTHBE1D25E5072347,Viole Northleigh,Honolulu,Hawaii
WVGAV7AX6BW525506,Marlane Estoile,San Francisco,California
1G6DM1E39C0304725,Juli Hannigan,Denton,Texas
5N1AZ2MH5FN204273,Ross Woodus,Panama City,Florida
1HGCR6F54FA322427,Thurston Greenroad,Richmond,Virginia
1D7RB1CP8AS463550,Gabbey Thaxton,Atlanta,Georgia
WBA3A5G51DN941133,Grata Coche,Tulsa,Oklahoma
KL4CJDSB4FB719162,Ellen Varvell,Laredo,Texas
19UYA42663A630243,Clair Gauvain,North Little Rock,Arkansas
1FMJK1JT4FE583724,Randall Mowsdill,West Hartford,Connecticut
1G4PT5SVXE4160071,Vilma Lead,Louisville,Kentucky
WAUJT58E44A317589,Chaim Santino,Hampton,Virginia
