mail	carte	montant	date	heure
wtowns0@indiegogo.com	mastercard	$139.39	07/03/21	19:30:23
mhenmarsh1@yahoo.com	mastercard	$661.47	08/02/21	13:52:58
rglendinning2@devhub.com	mastercard	$694.35	26/01/21	06:57:02
edagnall3@angelfire.com	mastercard	$751.91	13/03/21	12:24:16
tsadry4@tinypic.com	mastercard	$534.78	20/01/21	17:12:18
uolyfat5@accuweather.com	mastercard	$300.47	09/02/21	17:12:42
dlacknor6@shop-pro.jp	mastercard	$100.11	23/02/21	04:13:27
kdouble7@house.gov	mastercard	$127.74	16/01/21	14:27:58
gvakhlov8@meetup.com	mastercard	$273.66	25/01/21	06:51:35
hfried9@unc.edu	mastercard	$55.40	15/02/21	18:34:47
gjakoviljevica@cargocollective.com	mastercard	$4.93	18/03/21	23:44:41
ebleythingb@usatoday.com	mastercard	$281.42	02/01/21	17:52:20
gkeelinc@jigsy.com	mastercard	$94.78	04/02/21	21:38:07
mboutflourd@ca.gov	mastercard	$311.04	28/03/21	21:34:50
wloffille@mysql.com	mastercard	$327.49	08/02/21	04:28:13
hbazellf@cdbaby.com	mastercard	$96.13	06/04/21	11:01:22
mkenwortheyg@devhub.com	mastercard	$307.44	23/02/21	05:26:50
pespinayh@admin.ch	mastercard	$470.40	10/03/21	08:04:27
wwickliffei@npr.org	mastercard	$735.70	24/02/21	21:09:00
bblecklyj@wikimedia.org	mastercard	$208.61	04/01/21	22:31:03
bsheermank@cpanel.net	mastercard	$433.82	05/04/21	08:43:11
smarvenl@nature.com	mastercard	$343.46	12/02/21	19:42:02
ltownsm@etsy.com	mastercard	$418.89	13/01/21	17:33:01
eandrewarthan@gizmodo.com	mastercard	$194.47	12/01/21	11:45:40
mcoveyo@dion.ne.jp	mastercard	$219.78	07/03/21	08:24:01
kfridayp@phoca.cz	mastercard	$471.87	17/01/21	09:05:23
randraudq@wikipedia.org	mastercard	$76.79	12/02/21	22:20:29
rsineyr@ask.com	mastercard	$610.42	23/02/21	06:50:37
ybarfoots@ovh.net	mastercard	$396.73	09/03/21	06:54:32
javest@list-manage.com	mastercard	$409.42	13/03/21	17:44:04
mferrettiniu@theatlantic.com	mastercard	$132.33	24/03/21	13:04:53
gemmetv@4shared.com	mastercard	$82.06	05/02/21	18:35:13
jknottleyw@foxnews.com	mastercard	$675.27	23/01/21	04:26:12
askeatx@homestead.com	mastercard	$755.94	21/03/21	16:10:52
icastlediney@vkontakte.ru	mastercard	$154.18	05/01/21	14:47:47
sjardeinz@go.com	mastercard	$669.30	02/01/21	10:08:01
gparncutt10@yahoo.co.jp	mastercard	$87.91	22/03/21	04:17:22
eblofield11@pcworld.com	mastercard	$144.40	19/02/21	17:32:07
cbyrnes12@topsy.com	mastercard	$550.19	10/03/21	23:32:03
aorpwood13@google.com.br	mastercard	$398.01	04/02/21	22:51:51
broubert14@networkadvertising.org	mastercard	$168.77	23/03/21	16:06:18
fwinscomb15@icq.com	mastercard	$437.92	16/03/21	08:20:20
jdowtry16@csmonitor.com	mastercard	$516.90	07/02/21	06:15:15
dlownes17@topsy.com	mastercard	$642.48	01/03/21	09:58:16
cshevlan18@narod.ru	mastercard	$746.93	10/01/21	05:13:34
msunock19@oracle.com	mastercard	$44.49	21/02/21	05:21:51
escarrott1a@etsy.com	mastercard	$640.98	06/04/21	14:26:37
lgullen1b@odnoklassniki.ru	mastercard	$792.84	07/03/21	21:34:52
omathieu1c@latimes.com	mastercard	$114.57	01/01/21	09:20:31
cbourgaize1d@skype.com	mastercard	$93.55	01/02/21	23:06:05
smardy1e@vinaora.com	mastercard	$701.73	08/01/21	10:55:39
viannetti1f@discovery.com	mastercard	$629.91	17/02/21	19:31:50
lstandring1g@jigsy.com	mastercard	$385.73	30/01/21	21:37:59
cludye1h@wiley.com	mastercard	$383.10	15/01/21	06:25:30
mhampstead1i@myspace.com	mastercard	$319.62	21/03/21	12:26:08
cfender1j@cam.ac.uk	mastercard	$53.59	13/02/21	22:48:00
frogeron1k@washingtonpost.com	mastercard	$581.71	02/03/21	17:59:35
dcurnow1l@example.com	mastercard	$218.52	16/01/21	17:01:03
jmill1m@fastcompany.com	mastercard	$312.96	26/03/21	19:19:05
fkeedy1n@unesco.org	mastercard	$194.54	20/03/21	16:14:28
mhartgill1o@ameblo.jp	mastercard	$45.56	07/03/21	14:39:57
amughal1p@ebay.co.uk	mastercard	$499.33	05/04/21	18:16:47
hpenrice1q@chicagotribune.com	mastercard	$767.36	25/01/21	15:14:02
ahambidge1r@drupal.org	mastercard	$58.48	21/02/21	13:47:26
dwarbey1s@examiner.com	mastercard	$502.35	03/02/21	07:47:18
igrime1t@skype.com	mastercard	$291.16	19/01/21	06:11:48
hanselm1u@com.com	mastercard	$694.07	08/02/21	05:00:15
pskeermor1v@seesaa.net	mastercard	$10.31	07/02/21	10:27:47
rleake1w@psu.edu	mastercard	$322.14	10/02/21	14:36:29
mlatliff1x@paypal.com	mastercard	$102.78	16/03/21	12:06:02
orealff1y@tinypic.com	mastercard	$155.41	09/02/21	11:59:50
pchern1z@acquirethisname.com	mastercard	$560.59	20/02/21	14:47:23
nsearch20@hp.com	mastercard	$25.69	02/03/21	08:41:10
ctolchard21@state.tx.us	mastercard	$119.31	02/02/21	16:58:50
gbellanger22@earthlink.net	mastercard	$67.18	13/02/21	09:50:03
saveling23@freewebs.com	mastercard	$621.13	23/02/21	18:29:10
bsneesby24@paginegialle.it	mastercard	$535.32	02/02/21	16:30:51
akertess25@about.me	mastercard	$104.97	02/03/21	21:06:12
sbelsham26@smugmug.com	mastercard	$685.97	16/01/21	20:33:21
omighele27@spiegel.de	mastercard	$162.58	18/01/21	16:37:08
bwarkup28@reuters.com	mastercard	$481.20	04/02/21	07:11:08
crockey29@google.ca	mastercard	$272.39	15/01/21	12:38:39
tgilphillan2a@craigslist.org	mastercard	$468.84	18/03/21	15:39:27
vlarmouth2b@jigsy.com	mastercard	$608.36	13/03/21	12:41:48
hricciardelli2c@slate.com	mastercard	$460.27	14/02/21	10:43:47
odunbobbin2d@apache.org	mastercard	$486.69	15/02/21	09:41:10
nkliemchen2e@php.net	mastercard	$667.36	17/02/21	19:45:55
hdescroix2f@cnn.com	mastercard	$388.07	04/02/21	07:18:58
krawls2g@si.edu	mastercard	$102.22	11/02/21	14:42:57
natter2h@google.de	mastercard	$784.96	03/04/21	12:04:33
tsedgwick2i@dion.ne.jp	mastercard	$763.25	12/02/21	17:57:01
dniessen2j@youtu.be	mastercard	$740.50	08/01/21	23:34:35
bgiorgielli2k@blogspot.com	mastercard	$604.10	09/04/21	21:14:07
hcandey2l@smh.com.au	mastercard	$546.88	04/01/21	06:20:05
gsarney2m@taobao.com	mastercard	$359.28	07/04/21	10:39:23
ztenpenny2n@oaic.gov.au	mastercard	$328.49	31/03/21	07:25:09
cdymick2o@berkeley.edu	mastercard	$213.97	14/02/21	10:19:58
kkelleway2p@eepurl.com	mastercard	$186.01	15/03/21	21:27:52
dbownas2q@freewebs.com	mastercard	$576.52	15/03/21	08:54:20
gmcatamney2r@rakuten.co.jp	mastercard	$33.13	29/03/21	04:25:41
gdanielsen2s@google.nl	mastercard	$532.29	12/03/21	19:57:58
upidcock2t@webmd.com	mastercard	$411.68	07/03/21	17:14:39
fhartington2u@mtv.com	mastercard	$211.91	18/03/21	11:53:16
hhobell2v@tumblr.com	mastercard	$281.69	17/02/21	12:18:15
lcheal2w@indiatimes.com	mastercard	$238.09	22/02/21	18:03:47
blillecrop2x@cmu.edu	mastercard	$115.83	04/02/21	19:30:52
mbartoszinski2y@alibaba.com	mastercard	$546.96	07/04/21	07:51:10
emugleston2z@biglobe.ne.jp	mastercard	$684.08	28/03/21	06:43:21
mscrivinor30@cargocollective.com	mastercard	$287.45	04/04/21	18:36:37
dwhittle31@alibaba.com	mastercard	$484.83	07/02/21	05:58:45
sstrother32@vistaprint.com	mastercard	$87.73	07/02/21	16:22:48
lcausbey33@issuu.com	mastercard	$204.76	20/03/21	23:04:01
rmenier34@ustream.tv	mastercard	$204.45	20/02/21	12:04:24
trolls35@ifeng.com	mastercard	$394.97	02/03/21	14:55:55
npaunsford36@state.tx.us	mastercard	$39.70	29/03/21	06:47:56
clorincz37@about.me	mastercard	$436.14	04/04/21	12:07:16
kpaal38@tinypic.com	mastercard	$267.17	12/01/21	19:14:12
mduquesnay39@foxnews.com	mastercard	$454.00	04/03/21	22:47:50
abenes3a@redcross.org	mastercard	$221.43	13/03/21	22:36:26
nmcauslene3b@sina.com.cn	mastercard	$409.68	09/03/21	05:55:28
ehearson3c@redcross.org	mastercard	$26.59	21/02/21	07:56:02
santoszczyk3d@usa.gov	mastercard	$685.64	15/01/21	12:33:54
tcalleja3e@pinterest.com	mastercard	$656.09	06/03/21	19:42:44
bcourtney3f@example.com	mastercard	$271.70	26/03/21	05:08:29
tallbrook3g@g.co	mastercard	$126.53	27/03/21	21:23:59
cizkovicz3h@discuz.net	mastercard	$266.38	01/02/21	08:11:58
fwardlaw3i@globo.com	mastercard	$63.36	13/01/21	19:38:32
aandreutti3j@nationalgeographic.com	mastercard	$51.71	03/01/21	12:40:35
aharker3k@msu.edu	mastercard	$294.26	01/01/21	20:04:44
pfilde3l@samsung.com	mastercard	$549.68	05/02/21	18:21:43
vantoszczyk3m@theatlantic.com	mastercard	$416.96	02/03/21	22:48:51
hwarrick3n@archive.org	mastercard	$361.21	11/01/21	12:41:52
earendsen3o@live.com	mastercard	$31.17	06/04/21	20:46:02
mgrut3p@europa.eu	mastercard	$626.82	06/01/21	17:46:28
lguillard3q@goo.ne.jp	mastercard	$719.35	10/02/21	20:48:50
githell3r@ihg.com	mastercard	$183.37	27/01/21	21:27:06
rlindsell3s@cyberchimps.com	mastercard	$19.51	19/03/21	21:09:09
lwarcop3t@de.vu	mastercard	$317.69	02/01/21	12:31:15
kissard3u@homestead.com	mastercard	$107.09	01/04/21	23:15:57
nmaccaig3v@un.org	mastercard	$211.11	28/02/21	06:12:18
tpurcer3w@desdev.cn	mastercard	$772.66	01/03/21	12:09:35
jcommon3x@com.com	mastercard	$164.18	13/01/21	04:18:22
pmonger3y@istockphoto.com	mastercard	$136.64	02/01/21	17:47:10
gmillership3z@yahoo.com	mastercard	$419.92	28/03/21	17:31:50
lstreatfield40@bigcartel.com	mastercard	$146.60	27/03/21	23:20:49
wbouchier41@timesonline.co.uk	mastercard	$248.16	17/02/21	07:13:31
kwhiteland42@delicious.com	mastercard	$540.01	31/03/21	08:31:22
upennini43@dmoz.org	mastercard	$223.16	23/01/21	05:44:04
amackrell44@wikispaces.com	mastercard	$789.89	22/01/21	14:38:50
sfoulgham45@wikispaces.com	mastercard	$319.54	14/03/21	09:54:07
lfagge46@tinypic.com	mastercard	$689.92	12/02/21	08:40:13
rmckain47@rambler.ru	mastercard	$20.18	08/02/21	08:50:14
acote48@tripod.com	mastercard	$271.99	16/03/21	11:02:32
cwogan49@time.com	mastercard	$621.76	28/02/21	18:18:23
psturror4a@tuttocitta.it	mastercard	$526.47	05/04/21	13:20:36
vkitchaside4b@nbcnews.com	mastercard	$472.38	20/02/21	23:58:04
rstaite4c@dailymail.co.uk	mastercard	$213.81	24/02/21	04:12:48
hvice4d@dyndns.org	mastercard	$552.50	01/03/21	15:57:52
sgingell4e@cloudflare.com	mastercard	$669.29	14/02/21	06:11:33
dpeers4f@ezinearticles.com	mastercard	$320.59	14/02/21	22:11:59
ksoutherden4g@goodreads.com	mastercard	$618.78	07/03/21	14:27:50
thuitson4h@state.tx.us	mastercard	$523.86	25/03/21	11:36:00
dhanscome4i@jigsy.com	mastercard	$480.35	02/03/21	08:08:07
lcurrin4j@google.es	mastercard	$545.84	04/01/21	14:30:16
bcarlet4k@amazon.de	mastercard	$766.17	05/01/21	16:48:43
kleyman4l@sogou.com	mastercard	$316.84	16/01/21	15:51:13
abrandassi4m@blogspot.com	mastercard	$697.89	08/01/21	10:07:46
rashby4n@mysql.com	mastercard	$190.95	02/04/21	18:00:31
dmarl4o@a8.net	mastercard	$487.43	13/01/21	12:14:56
lgillanders4p@marriott.com	mastercard	$287.12	15/01/21	06:12:39
rnajara4q@economist.com	mastercard	$414.55	09/02/21	11:54:13
vblazhevich4r@earthlink.net	mastercard	$444.87	11/01/21	15:35:48
ndimbleby4s@comcast.net	mastercard	$769.16	18/03/21	18:17:59
hatwill4t@bizjournals.com	mastercard	$25.56	28/03/21	21:05:55
gschuh4u@drupal.org	mastercard	$151.27	27/03/21	16:19:59
cgoodinson4v@dyndns.org	mastercard	$10.60	20/02/21	13:26:04
kdavsley4w@vkontakte.ru	mastercard	$190.95	16/02/21	19:08:28
nsheen4x@jigsy.com	mastercard	$404.97	28/02/21	12:13:58
bkrug4y@opensource.org	mastercard	$16.12	16/03/21	23:32:21
gjames4z@ucsd.edu	mastercard	$653.31	21/03/21	20:18:59
rverrills50@loc.gov	mastercard	$76.89	24/03/21	21:30:57
mmolden51@hhs.gov	mastercard	$266.69	25/01/21	09:18:57
akeddy52@weibo.com	mastercard	$101.49	07/04/21	12:26:09
nrivalant53@canalblog.com	mastercard	$698.92	01/02/21	22:44:58
crolinson54@utexas.edu	mastercard	$12.32	16/02/21	14:42:31
jtickle55@thetimes.co.uk	mastercard	$716.81	08/04/21	08:31:32
lolver56@cnet.com	mastercard	$210.31	07/02/21	19:23:34
bmccudden57@tumblr.com	mastercard	$275.60	22/01/21	23:51:51
ajelleman58@last.fm	mastercard	$215.66	09/01/21	18:11:05
ptremmel59@intel.com	mastercard	$209.35	27/02/21	06:18:37
glerigo5a@dedecms.com	mastercard	$70.70	06/01/21	13:22:33
cmowsdell5b@woothemes.com	mastercard	$671.96	26/03/21	07:36:15
dhuet5c@123-reg.co.uk	mastercard	$187.52	02/02/21	15:12:00
ryearne5d@edublogs.org	mastercard	$435.97	17/01/21	17:09:44
greekie5e@utexas.edu	mastercard	$35.00	03/02/21	08:57:22
adracey5f@springer.com	mastercard	$780.41	21/01/21	20:00:45
aruler5g@mysql.com	mastercard	$88.04	06/01/21	08:37:17
hfowlie5h@wp.com	mastercard	$151.36	20/02/21	04:51:16
tclaussen5i@seattletimes.com	mastercard	$231.87	05/01/21	07:29:36
mponting5j@t-online.de	mastercard	$358.72	28/03/21	14:57:21
bscafe5k@dailymotion.com	mastercard	$723.57	24/02/21	10:52:30
ejakuszewski5l@vistaprint.com	mastercard	$526.31	02/04/21	14:24:58
jwessel5m@facebook.com	mastercard	$558.18	13/03/21	14:54:28
moshiels5n@state.tx.us	mastercard	$419.63	08/02/21	07:40:29
bsharphurst5o@stanford.edu	mastercard	$458.15	21/02/21	06:22:37
xtagg5p@twitter.com	mastercard	$90.88	23/03/21	10:43:24
ghardiman5q@scribd.com	mastercard	$723.22	02/03/21	20:37:03
rgreenig5r@people.com.cn	mastercard	$649.13	28/01/21	18:51:58
pdenyukin5s@usatoday.com	mastercard	$773.32	29/01/21	23:04:13
colooney5t@virginia.edu	mastercard	$290.50	09/04/21	05:48:03
csadler5u@sourceforge.net	mastercard	$671.86	05/04/21	21:31:18
dmussington5v@cnet.com	mastercard	$730.60	21/01/21	07:46:06
eroakes5w@narod.ru	mastercard	$799.68	30/01/21	16:09:51
cbrimelow5x@jugem.jp	mastercard	$631.60	08/02/21	06:32:28
sbloxam5y@sciencedirect.com	mastercard	$754.15	15/03/21	08:29:51
rsharratt5z@pen.io	mastercard	$409.74	03/02/21	19:15:24
swederell60@indiegogo.com	mastercard	$40.67	13/01/21	14:27:46
mrowles61@boston.com	mastercard	$31.19	04/02/21	16:25:19
fpouck62@simplemachines.org	mastercard	$706.25	26/02/21	12:33:28
desilmon63@hc360.com	mastercard	$193.52	12/01/21	11:37:08
lbachura64@pen.io	mastercard	$164.97	20/01/21	11:54:21
hrao65@dagondesign.com	mastercard	$547.99	04/01/21	19:11:05
mclapham66@prlog.org	mastercard	$480.96	13/03/21	21:35:31
eelbourn67@fastcompany.com	mastercard	$774.73	02/03/21	14:48:33
amewhirter68@dyndns.org	mastercard	$733.02	16/03/21	11:01:34
mhostan69@time.com	mastercard	$179.47	04/03/21	20:18:09
olapadula6a@ft.com	mastercard	$470.63	26/01/21	06:29:42
pbunten6b@jimdo.com	mastercard	$33.02	02/01/21	10:44:12
ssteward6c@parallels.com	mastercard	$304.20	25/02/21	06:21:48
kreedshaw6d@people.com.cn	mastercard	$350.00	05/01/21	12:02:26
hdeverson6e@guardian.co.uk	mastercard	$233.43	06/02/21	20:26:31
asothcott6f@japanpost.jp	mastercard	$521.67	12/01/21	17:56:51
dfaulconer6g@fastcompany.com	mastercard	$611.54	21/01/21	09:20:34
gjimes6h@who.int	mastercard	$621.86	03/03/21	14:57:49
fpoundford6i@goo.gl	mastercard	$115.57	27/01/21	17:44:42
ldewitt6j@slideshare.net	mastercard	$787.10	19/02/21	10:34:43
rheighton6k@netscape.com	mastercard	$230.80	12/03/21	18:24:27
cormston6l@shop-pro.jp	mastercard	$296.10	07/03/21	11:53:15
mdugan6m@youku.com	mastercard	$720.40	25/02/21	17:14:51
nbuckeridge6n@multiply.com	mastercard	$335.79	10/03/21	14:03:52
osauter6o@phoca.cz	mastercard	$695.87	06/03/21	10:55:33
sgirardetti6p@guardian.co.uk	mastercard	$760.15	16/01/21	07:42:45
gmeddick6q@chron.com	mastercard	$70.93	03/01/21	18:44:29
sblazy6r@simplemachines.org	mastercard	$465.50	21/03/21	10:34:41
ckeppy6s@mail.ru	mastercard	$503.07	08/03/21	12:48:49
sivanyutin6t@gizmodo.com	mastercard	$182.39	28/03/21	23:12:54
hscrivens6u@google.de	mastercard	$493.41	21/01/21	20:53:35
omclugaish6v@scribd.com	mastercard	$786.01	26/01/21	18:29:57
ehubbocks6w@icq.com	mastercard	$186.20	21/03/21	20:36:48
fdowber6x@google.com.hk	mastercard	$783.08	21/02/21	08:26:45
rclaughton6y@examiner.com	mastercard	$205.86	21/01/21	13:29:51
kstreeting6z@1und1.de	mastercard	$190.41	28/01/21	23:19:27
fweare70@upenn.edu	mastercard	$247.98	07/02/21	05:40:32
emicheli71@archive.org	mastercard	$526.10	21/01/21	17:05:00
hlivingston72@smh.com.au	mastercard	$308.79	26/02/21	20:59:29
amainz73@ask.com	mastercard	$331.09	26/03/21	16:39:47
gparrish74@tuttocitta.it	mastercard	$676.12	18/03/21	21:33:41
astanworth75@youku.com	mastercard	$469.79	06/04/21	10:23:22
afitzalan76@dyndns.org	mastercard	$484.32	10/02/21	07:26:32
ekincade77@java.com	mastercard	$378.12	05/01/21	08:21:53
grymmer78@icio.us	mastercard	$355.07	01/02/21	16:27:07
rmctavish79@harvard.edu	mastercard	$722.20	12/01/21	07:51:55
gmceniry7a@fc2.com	mastercard	$298.11	13/01/21	23:26:54
mbroadberrie7b@japanpost.jp	mastercard	$150.53	06/03/21	10:18:25
lbarbe7c@amazonaws.com	mastercard	$798.01	26/01/21	05:39:02
hlogesdale7d@homestead.com	mastercard	$603.08	19/02/21	05:48:03
ksimonazzi7e@washingtonpost.com	mastercard	$347.19	09/03/21	22:21:23
aspenceley7f@tmall.com	mastercard	$792.78	22/02/21	04:11:45
lloachhead7g@princeton.edu	mastercard	$285.49	05/01/21	14:10:16
treynish7h@wikipedia.org	mastercard	$473.60	16/02/21	18:42:53
dcowser7i@joomla.org	mastercard	$666.72	24/03/21	05:17:17
dcoverlyn7j@typepad.com	mastercard	$276.44	04/04/21	10:39:40
cwedmore7k@histats.com	mastercard	$700.27	01/02/21	07:05:31
rwhifen7l@usda.gov	mastercard	$517.85	15/02/21	12:29:19
wstainburn7m@ebay.co.uk	mastercard	$760.67	03/02/21	14:53:16
ikryska7n@163.com	mastercard	$604.18	12/03/21	06:22:26
dtennewell7o@theatlantic.com	mastercard	$303.50	23/02/21	18:46:08
mcurthoys7p@nih.gov	mastercard	$271.18	23/01/21	07:10:08
mcescot7q@geocities.jp	mastercard	$709.25	09/04/21	11:55:12
jniemetz7r@skyrock.com	mastercard	$91.10	31/01/21	08:54:31
remery7s@addthis.com	mastercard	$387.31	20/02/21	11:18:57
sjeskin7t@blogtalkradio.com	mastercard	$1.90	31/01/21	05:31:09
lbateson7u@quantcast.com	mastercard	$86.68	20/03/21	17:46:10
bmcdermid7v@yandex.ru	mastercard	$31.58	14/02/21	15:48:48
dlanger7w@soundcloud.com	mastercard	$644.44	12/03/21	11:20:05
aorme7x@wix.com	mastercard	$51.14	06/04/21	18:58:59
sdugald7y@cbsnews.com	mastercard	$608.34	24/01/21	21:17:53
kwyldish7z@posterous.com	mastercard	$593.70	16/02/21	08:58:00
scarder80@sourceforge.net	mastercard	$554.09	17/03/21	05:14:02
eganford81@disqus.com	mastercard	$474.30	05/04/21	21:54:33
lleal82@pagesperso-orange.fr	mastercard	$235.45	06/03/21	08:11:11
ageare83@foxnews.com	mastercard	$389.01	20/01/21	13:50:36
mthirkettle84@usgs.gov	mastercard	$105.65	17/02/21	15:06:47
hjillings85@usgs.gov	mastercard	$498.07	17/02/21	09:08:15
bpachta86@ocn.ne.jp	mastercard	$81.80	10/03/21	05:53:08
hfarnell87@globo.com	mastercard	$577.90	07/01/21	19:09:28
mtaree88@discuz.net	mastercard	$410.27	10/01/21	09:40:29
dgrimmer89@ning.com	mastercard	$446.15	28/02/21	17:41:14
rgoodlud8a@etsy.com	mastercard	$259.17	07/04/21	06:52:34
dcannicott8b@mozilla.org	mastercard	$222.81	20/03/21	09:12:18
ecarwardine8c@blogger.com	mastercard	$717.66	05/02/21	10:11:05
bjarvis8d@wp.com	mastercard	$278.50	22/02/21	05:01:25
mlackington8e@vinaora.com	mastercard	$100.51	26/01/21	19:32:57
egatenby8f@digg.com	mastercard	$38.02	25/01/21	04:18:18
bbetteson8g@springer.com	mastercard	$741.26	06/02/21	18:38:20
mpedroni8h@comcast.net	mastercard	$701.51	05/01/21	22:50:28
wcuthbert8i@merriam-webster.com	mastercard	$281.23	25/03/21	05:57:54
cantonsson8j@arizona.edu	mastercard	$283.26	21/02/21	21:10:41
cmaccaghan8k@home.pl	mastercard	$193.60	04/01/21	08:12:42
eaimson8l@accuweather.com	mastercard	$232.53	04/03/21	14:39:49
afrankiss8m@soup.io	mastercard	$189.80	06/03/21	16:30:19
tgilli8n@vimeo.com	mastercard	$79.45	21/01/21	04:44:56
erobers8o@springer.com	mastercard	$300.45	22/02/21	05:07:41
lkirvell8p@va.gov	mastercard	$717.20	22/02/21	08:06:43
mkeeri8q@adobe.com	mastercard	$501.58	28/01/21	18:05:20
gpeal8r@youtube.com	mastercard	$452.06	01/02/21	18:44:38
alehon8s@taobao.com	mastercard	$660.35	17/02/21	21:38:18
gvasler8t@google.com.br	mastercard	$243.71	15/01/21	06:55:48
psarfat8u@wp.com	mastercard	$331.63	10/03/21	08:54:09
kvedenisov8v@networksolutions.com	mastercard	$438.22	30/01/21	14:47:24
nvail8w@nasa.gov	mastercard	$681.63	23/01/21	13:24:27
rdunnet8x@mapquest.com	mastercard	$625.67	14/03/21	17:04:57
trisley8y@slideshare.net	mastercard	$257.40	27/01/21	12:07:08
umccroary8z@parallels.com	mastercard	$781.83	03/04/21	19:06:19
arohlf90@delicious.com	mastercard	$748.72	29/03/21	09:22:05
dsmallshaw91@nasa.gov	mastercard	$349.95	10/01/21	15:08:54
abucktrout92@epa.gov	mastercard	$44.10	08/03/21	19:46:43
hbroek93@angelfire.com	mastercard	$317.48	26/02/21	15:00:08
idomney94@vistaprint.com	mastercard	$676.32	15/01/21	04:09:07
bromanini95@yale.edu	mastercard	$208.94	14/03/21	12:08:08
lankrett96@diigo.com	mastercard	$664.49	07/04/21	16:54:45
rokelly97@tmall.com	mastercard	$61.13	05/03/21	13:57:08
bfountaine98@webmd.com	mastercard	$104.57	18/01/21	18:30:02
kduncklee99@indiegogo.com	mastercard	$622.34	04/04/21	17:29:07
dkettlestring9a@apple.com	mastercard	$726.91	05/03/21	13:31:38
rdemongeot9b@ezinearticles.com	mastercard	$473.74	24/03/21	06:46:09
bfiander9c@usda.gov	mastercard	$233.53	05/04/21	18:52:30
ggumbley9d@shop-pro.jp	mastercard	$690.21	22/01/21	18:59:02
usimunek9e@senate.gov	mastercard	$664.00	02/03/21	08:21:06
myaxley9f@utexas.edu	mastercard	$275.07	05/03/21	09:02:13
nrumens9g@hhs.gov	mastercard	$158.29	09/04/21	10:19:18
glattka9h@smugmug.com	mastercard	$405.98	24/02/21	23:07:13
smetzke9i@com.com	mastercard	$743.25	05/03/21	12:30:40
leslinger9j@latimes.com	mastercard	$309.20	26/02/21	11:41:38
hdanslow9k@studiopress.com	mastercard	$54.12	28/03/21	18:48:50
ebatie9l@blogspot.com	mastercard	$791.85	31/01/21	10:50:59
mgullam9m@wikimedia.org	mastercard	$776.22	25/02/21	17:45:34
glumsdaine9n@weather.com	mastercard	$308.86	01/04/21	06:06:18
akemston9o@soup.io	mastercard	$632.60	26/03/21	14:47:33
ecallow9p@bandcamp.com	mastercard	$573.99	03/03/21	08:47:22
mtorricina9q@dailymotion.com	mastercard	$429.67	13/02/21	21:05:44
garchbutt9r@sina.com.cn	mastercard	$254.92	27/01/21	16:26:14
slackney9s@php.net	mastercard	$591.16	28/03/21	16:07:25
aomullane9t@vkontakte.ru	mastercard	$169.44	22/01/21	04:47:25
geixenberger9u@sogou.com	mastercard	$333.11	03/03/21	14:28:06
lmundee9v@google.de	mastercard	$724.35	18/01/21	16:44:19
splimmer9w@cnet.com	mastercard	$367.58	07/02/21	15:48:51
fjalland9x@mediafire.com	mastercard	$157.15	17/02/21	05:06:35
rbrisland9y@theglobeandmail.com	mastercard	$455.69	14/03/21	18:05:28
whymas9z@nyu.edu	mastercard	$33.31	16/03/21	14:29:10
bbeddinghama0@desdev.cn	mastercard	$567.31	01/04/21	18:52:35
ebransdona1@de.vu	mastercard	$366.26	02/01/21	05:01:11
sbeeblea2@4shared.com	mastercard	$344.96	12/02/21	20:14:13
mlinehama3@gov.uk	mastercard	$6.63	05/04/21	04:05:51
egrassia4@slashdot.org	mastercard	$402.53	22/02/21	06:14:05
ckestella5@networkadvertising.org	mastercard	$506.30	09/03/21	09:07:26
gkorta6@google.it	mastercard	$229.73	24/03/21	20:40:42
rcristofora7@list-manage.com	mastercard	$79.73	04/02/21	12:45:11
nfluita8@barnesandnoble.com	mastercard	$454.38	06/03/21	16:05:13
roharea9@slate.com	mastercard	$629.00	18/03/21	19:03:33
ochasemoreaa@eventbrite.com	mastercard	$48.05	18/01/21	08:51:39
kscriverab@usa.gov	mastercard	$730.53	09/03/21	05:20:14
bcavanaughac@flavors.me	mastercard	$331.85	25/01/21	20:00:06
cguestad@yandex.ru	mastercard	$530.49	17/03/21	17:22:19
hbalchinae@nsw.gov.au	mastercard	$47.54	16/01/21	22:51:41
llepiscopiaf@blogger.com	mastercard	$502.35	15/03/21	23:15:33
mfortieag@latimes.com	mastercard	$798.45	31/01/21	04:00:13
gmcreidyah@e-recht24.de	mastercard	$482.01	27/01/21	13:59:29
echarsleyai@free.fr	mastercard	$350.10	27/03/21	08:00:04
gadlingtonaj@parallels.com	mastercard	$89.26	18/02/21	19:32:15
oatwellak@paypal.com	mastercard	$165.49	04/01/21	13:40:58
jhamprechtal@alexa.com	mastercard	$518.32	08/03/21	06:28:33
ljeryam@github.io	mastercard	$750.48	28/01/21	12:44:19
cbealesan@webnode.com	mastercard	$745.46	16/01/21	18:19:49
ashipleyao@mtv.com	mastercard	$571.23	19/03/21	21:44:57
jblandenap@ustream.tv	mastercard	$120.29	10/01/21	04:21:46
celcottaq@reverbnation.com	mastercard	$309.00	02/03/21	12:38:07
magottar@themeforest.net	mastercard	$785.54	05/04/21	18:17:21
glindenstraussas@businessinsider.com	mastercard	$395.17	06/02/21	05:45:17
kcastellsat@goodreads.com	mastercard	$281.03	26/01/21	10:06:48
mpettisallau@miibeian.gov.cn	mastercard	$136.51	09/01/21	05:03:23
rmeganyav@de.vu	mastercard	$435.42	27/02/21	12:52:38
mtomekaw@dot.gov	mastercard	$337.89	19/01/21	18:26:15
ctittaax@usatoday.com	mastercard	$119.18	26/02/21	08:36:48
jduryay@google.com.hk	mastercard	$490.82	23/01/21	12:37:19
cgrishaginaz@imageshack.us	mastercard	$623.69	19/02/21	10:04:48
pmacanultyb0@angelfire.com	mastercard	$527.84	07/04/21	11:28:57
jfishbyb1@gizmodo.com	mastercard	$567.24	21/02/21	10:33:14
cgreneb2@aol.com	mastercard	$378.30	15/02/21	05:22:57
jtrenchardb3@stanford.edu	mastercard	$745.48	10/02/21	22:27:31
bdunyb4@cargocollective.com	mastercard	$298.13	01/02/21	21:18:53
ctartb5@google.es	mastercard	$348.92	19/03/21	22:24:41
zyukhninib6@cbc.ca	mastercard	$460.08	14/02/21	20:32:24
ascotsbrookb7@pbs.org	mastercard	$55.21	14/03/21	21:06:47
amealingb8@technorati.com	mastercard	$406.61	07/03/21	20:24:43
jbeatenb9@lycos.com	mastercard	$506.95	27/01/21	12:50:19
cchasleba@virginia.edu	mastercard	$153.96	09/02/21	07:17:44
omaliphantbb@pen.io	mastercard	$137.92	12/03/21	22:29:53
jpoggbc@posterous.com	mastercard	$161.23	22/01/21	07:13:28
barisbd@java.com	mastercard	$539.86	14/02/21	06:28:42
mdraxfordbe@mac.com	mastercard	$370.30	19/01/21	08:04:29
stowndrowbf@who.int	mastercard	$380.08	24/03/21	07:08:32
tredmondbg@creativecommons.org	mastercard	$722.83	07/02/21	17:46:32
lbocbh@blogtalkradio.com	mastercard	$451.56	13/01/21	21:47:10
akerbi@webmd.com	mastercard	$165.16	16/01/21	11:38:02
coakmanbj@oracle.com	mastercard	$639.90	08/04/21	22:09:10
gbissonbk@xing.com	mastercard	$718.74	19/02/21	07:48:05
oswantonbl@gizmodo.com	mastercard	$191.55	11/01/21	22:58:40
tgounetbm@wsj.com	mastercard	$665.50	30/01/21	10:40:00
dsallingsbn@statcounter.com	mastercard	$264.54	05/02/21	09:14:20
rsumblerbo@list-manage.com	mastercard	$686.53	22/03/21	22:55:30
hcoganbp@usnews.com	mastercard	$429.40	25/03/21	22:56:45
rspaightbq@newyorker.com	mastercard	$64.74	24/03/21	23:13:35
nsiehardbr@home.pl	mastercard	$460.65	06/03/21	04:55:31
uuphillbs@irs.gov	mastercard	$726.51	14/02/21	15:23:33
acoullingbt@dailymotion.com	mastercard	$711.80	30/03/21	21:44:08
sbriscobu@ucsd.edu	mastercard	$121.77	26/03/21	18:05:36
mmccutcheonbv@1und1.de	mastercard	$365.86	13/01/21	07:22:20
basburybw@free.fr	mastercard	$319.45	18/01/21	16:59:26
ddrummondbx@earthlink.net	mastercard	$224.01	23/01/21	04:42:55
cmorrowby@lycos.com	mastercard	$581.90	05/03/21	14:54:59
bmconiebz@fastcompany.com	mastercard	$665.12	09/03/21	22:26:47
iagerskowc0@netvibes.com	mastercard	$619.75	10/03/21	04:45:19
earnauducc1@is.gd	mastercard	$421.81	18/02/21	05:10:42
klanfarec2@desdev.cn	mastercard	$45.42	05/02/21	20:31:16
efloreyc3@howstuffworks.com	mastercard	$143.43	08/02/21	20:44:35
cmariaultc4@amazon.co.uk	mastercard	$106.22	04/01/21	12:11:25
jmccallumc5@g.co	mastercard	$246.03	17/03/21	23:22:26
ateesec6@delicious.com	mastercard	$502.95	14/02/21	14:45:08
scrosoerc7@histats.com	mastercard	$190.94	03/01/21	16:05:40
wcoxallc8@angelfire.com	mastercard	$673.62	06/02/21	07:52:37
dspiersc9@wikipedia.org	mastercard	$121.87	03/04/21	19:02:08
fteligaca@businessweek.com	mastercard	$494.78	02/01/21	14:33:25
hbirckmanncb@dyndns.org	mastercard	$688.32	11/02/21	13:21:42
oneilcc@taobao.com	mastercard	$658.94	03/02/21	04:36:29
rheakeycd@cargocollective.com	mastercard	$504.19	13/01/21	08:28:19
mkinnarce@redcross.org	mastercard	$571.48	16/03/21	19:37:45
ccastanagacf@twitpic.com	mastercard	$33.22	12/01/21	09:46:16
wshipleycg@csmonitor.com	mastercard	$796.90	18/03/21	21:24:16
bmairch@wisc.edu	mastercard	$75.48	01/02/21	05:20:54
fquestci@lycos.com	mastercard	$64.60	18/02/21	04:43:06
gbreddycj@earthlink.net	mastercard	$639.09	12/01/21	10:18:37
cchaudrelleck@nature.com	mastercard	$488.52	10/01/21	07:34:51
gchesterscl@smugmug.com	mastercard	$470.09	07/03/21	19:51:31
pproshcm@irs.gov	mastercard	$608.93	04/04/21	20:56:03
jbickerscn@shop-pro.jp	mastercard	$569.73	26/03/21	13:32:48
cweedallco@slashdot.org	mastercard	$276.77	10/03/21	09:43:30
rmorgancp@constantcontact.com	mastercard	$358.84	04/04/21	23:39:44
priggcq@networkadvertising.org	mastercard	$783.50	06/04/21	05:26:17
rmartinoviccr@unesco.org	mastercard	$287.19	27/03/21	05:55:40
dtarbincs@freewebs.com	mastercard	$683.62	14/02/21	11:23:39
mlindbladct@blogs.com	mastercard	$624.47	19/02/21	23:20:06
mbleachercu@cyberchimps.com	mastercard	$71.04	30/01/21	21:44:00
lduggancv@dropbox.com	mastercard	$275.22	17/02/21	19:13:38
ebarteletcw@gravatar.com	mastercard	$366.51	05/01/21	23:26:40
llamplcx@guardian.co.uk	mastercard	$526.52	04/04/21	18:53:54
aprobincy@eventbrite.com	mastercard	$86.09	03/01/21	15:08:16
tbarkesscz@newyorker.com	mastercard	$52.27	11/01/21	14:38:45
tbladesmithd0@ftc.gov	mastercard	$762.86	23/01/21	17:51:54
urewd1@hubpages.com	mastercard	$392.62	19/03/21	12:22:41
mbrotherheadd2@goo.gl	mastercard	$379.54	20/02/21	09:09:29
hcramondd3@shop-pro.jp	mastercard	$771.84	18/01/21	19:28:05
gbussond4@sohu.com	mastercard	$493.27	07/01/21	19:30:35
tsargeantd5@ezinearticles.com	mastercard	$573.82	27/02/21	04:31:39
klightollersd6@sfgate.com	mastercard	$320.43	29/03/21	23:05:28
gshoobridged7@blogs.com	mastercard	$361.94	13/01/21	04:00:44
rmccalld8@parallels.com	mastercard	$101.20	25/01/21	13:10:35
ghardinghamd9@mapy.cz	mastercard	$652.89	12/01/21	23:49:01
dsidwellda@ocn.ne.jp	mastercard	$587.03	01/01/21	19:17:40
rhartmandb@creativecommons.org	mastercard	$78.18	14/02/21	09:59:55
jsoreydc@blogger.com	mastercard	$432.96	30/01/21	21:10:41
kbirtsdd@gnu.org	mastercard	$537.58	04/01/21	21:24:58
hcornesde@dot.gov	mastercard	$675.45	02/01/21	09:02:40
acaffreydf@networksolutions.com	mastercard	$449.79	20/02/21	20:00:11
twhoralldg@mapquest.com	mastercard	$352.08	16/02/21	06:41:52
mclemmittdh@cbslocal.com	mastercard	$791.44	14/01/21	19:05:24
msiudadi@jugem.jp	mastercard	$199.16	06/04/21	22:05:14
aworshamdj@vk.com	mastercard	$543.05	10/02/21	21:33:56
aromaindk@eventbrite.com	mastercard	$182.37	06/02/21	15:41:02
rvanarsdalldl@hatena.ne.jp	mastercard	$152.85	18/03/21	17:17:01
iglavedm@123-reg.co.uk	mastercard	$115.07	14/01/21	11:07:25
bskelhorndn@berkeley.edu	mastercard	$62.83	21/02/21	09:55:18
dvanyukovdo@stanford.edu	mastercard	$15.45	22/03/21	22:27:06
edacheydp@linkedin.com	mastercard	$308.98	17/02/21	16:31:55
mpinchondq@hud.gov	mastercard	$348.11	09/01/21	15:57:47
nmoortondr@sogou.com	mastercard	$286.24	09/04/21	05:46:30
bbearfootds@nationalgeographic.com	mastercard	$595.93	05/01/21	21:03:05
msebyerdt@163.com	mastercard	$585.16	23/02/21	09:49:09
emcarddu@europa.eu	mastercard	$200.57	18/02/21	22:39:53
rtayedv@google.fr	mastercard	$64.31	22/02/21	19:20:58
asalvatidw@vk.com	mastercard	$789.06	17/03/21	08:48:10
svizarddx@nationalgeographic.com	mastercard	$562.41	24/03/21	05:55:32
bjermandy@indiatimes.com	mastercard	$672.78	22/03/21	05:32:42
rcharitydz@bbb.org	mastercard	$133.12	17/02/21	15:57:02
rdechelettee0@pinterest.com	mastercard	$44.04	02/03/21	16:20:18
delloye1@ucsd.edu	mastercard	$790.15	02/03/21	07:49:17
alockitte2@globo.com	mastercard	$380.49	27/03/21	22:55:19
aphilpaulte3@topsy.com	mastercard	$495.72	27/01/21	12:37:42
jbolstridgee4@macromedia.com	mastercard	$461.94	10/03/21	18:56:53
mmccoye5@oaic.gov.au	mastercard	$373.90	13/03/21	15:54:24
ajanczake6@example.com	mastercard	$640.74	19/03/21	13:35:47
lshovele7@gizmodo.com	mastercard	$368.31	20/03/21	17:36:25
mtrembeye8@dailymail.co.uk	mastercard	$283.33	29/03/21	16:43:35
aviviene9@accuweather.com	mastercard	$304.94	31/01/21	23:17:43
gmixtureea@google.com.br	mastercard	$537.30	28/03/21	19:15:48
bbedleeb@quantcast.com	mastercard	$575.31	08/04/21	17:37:17
bvallentinec@spotify.com	mastercard	$34.53	27/02/21	09:10:24
fbuttnered@geocities.jp	mastercard	$342.86	22/03/21	08:36:34
mdunthornee@state.gov	mastercard	$676.97	08/02/21	20:57:59
agronnoef@narod.ru	mastercard	$204.13	30/03/21	20:21:49
vdorineg@narod.ru	mastercard	$288.90	13/01/21	08:59:46
cfudgereh@about.com	mastercard	$492.89	07/02/21	23:23:56
dsalesei@geocities.com	mastercard	$225.62	07/03/21	17:36:50
rscimoniej@goo.gl	mastercard	$225.15	27/02/21	05:37:05
rneseyek@paginegialle.it	mastercard	$688.51	13/03/21	08:00:37
bmellodeyel@fastcompany.com	mastercard	$567.00	13/01/21	11:30:25
fmccooleem@amazonaws.com	mastercard	$643.85	14/01/21	14:41:41
wcaineyen@redcross.org	mastercard	$114.71	18/03/21	05:05:09
kdebilleo@friendfeed.com	mastercard	$260.89	07/01/21	19:22:27
idovermannep@timesonline.co.uk	mastercard	$706.90	14/02/21	08:49:17
ftobyeq@forbes.com	mastercard	$542.77	11/02/21	20:43:38
kzimmerer@admin.ch	mastercard	$759.76	28/02/21	20:29:19
gatkinsones@paypal.com	mastercard	$398.25	17/03/21	20:23:41
cgawkeset@wunderground.com	mastercard	$249.22	08/02/21	13:27:18
avinkereu@samsung.com	mastercard	$334.93	12/02/21	11:04:36
mhanshawev@geocities.com	mastercard	$664.93	05/01/21	12:03:56
mkonigew@apple.com	mastercard	$375.37	09/03/21	07:41:27
bfleemanex@discovery.com	mastercard	$796.04	11/03/21	09:18:21
hharvettey@google.cn	mastercard	$342.25	25/01/21	18:12:56
graviliousez@exblog.jp	mastercard	$134.42	10/02/21	18:23:21
abimsf0@last.fm	mastercard	$713.72	23/03/21	14:51:30
mpythonf1@is.gd	mastercard	$760.70	22/02/21	17:48:09
bkestertonf2@reference.com	mastercard	$254.20	14/02/21	18:11:19
jkorff3@reference.com	mastercard	$17.03	05/04/21	05:21:45
bgilmourf4@google.es	mastercard	$253.11	17/01/21	23:04:48
bszanthof5@usda.gov	mastercard	$569.01	28/03/21	08:16:26
mpersef6@issuu.com	mastercard	$440.71	15/03/21	09:18:41
lseverf7@bbc.co.uk	mastercard	$601.81	22/02/21	22:47:54
glantifff8@newyorker.com	mastercard	$250.86	14/01/21	18:55:27
hwincklesf9@wisc.edu	mastercard	$448.84	28/03/21	12:43:17
eimpyfa@redcross.org	mastercard	$530.25	26/03/21	19:43:57
jtrewfb@marketwatch.com	mastercard	$255.53	26/02/21	13:19:03
mstanislawfc@imdb.com	mastercard	$104.35	14/03/21	16:00:25
dhathwayfd@netscape.com	mastercard	$292.16	25/03/21	07:35:17
mclucasfe@angelfire.com	mastercard	$81.49	10/02/21	06:38:41
jtalboyff@cpanel.net	mastercard	$344.26	16/01/21	05:35:52
ewyefg@soup.io	mastercard	$387.53	19/01/21	14:30:33
fhargrovesfh@accuweather.com	mastercard	$625.15	20/02/21	07:48:25
ratthowfi@imdb.com	mastercard	$84.11	17/01/21	20:16:20
progersonfj@simplemachines.org	mastercard	$93.38	10/01/21	11:04:27
dpyfordfk@state.tx.us	mastercard	$282.38	07/01/21	18:25:47
kjoselovitchfl@google.de	mastercard	$419.43	15/03/21	10:42:32
mlovettfm@umich.edu	mastercard	$183.69	09/04/21	16:23:56
mslocombfn@google.ca	mastercard	$623.40	13/02/21	04:09:14
cmarzellofo@smugmug.com	mastercard	$491.60	08/02/21	05:11:02
gbuckokefp@51.la	mastercard	$41.59	25/03/21	23:43:47
amabonefq@squidoo.com	mastercard	$134.21	10/02/21	05:43:28
ggiuronfr@cmu.edu	mastercard	$250.13	22/03/21	21:36:30
bmcglonefs@lulu.com	mastercard	$261.20	30/01/21	14:58:43
gwiggingtonft@technorati.com	mastercard	$796.46	24/01/21	12:12:41
rgodspedefu@nbcnews.com	mastercard	$441.17	26/01/21	16:28:05
ncamolettofv@chron.com	mastercard	$57.48	19/03/21	10:19:39
wolczakfw@w3.org	mastercard	$242.61	18/02/21	20:32:38
cjurisfx@instagram.com	mastercard	$435.00	01/03/21	23:46:42
asauvainfy@edublogs.org	mastercard	$438.60	20/01/21	19:48:23
qlongfz@narod.ru	mastercard	$702.27	14/03/21	07:13:35
bbahdeg0@deliciousdays.com	mastercard	$479.39	13/01/21	06:56:00
krickettsg1@ning.com	mastercard	$48.47	27/01/21	08:44:50
jwarrattg2@sciencedirect.com	mastercard	$655.78	29/03/21	14:22:43
jputteng3@issuu.com	mastercard	$563.01	18/03/21	04:41:44
hgiacobog4@pinterest.com	mastercard	$185.74	11/03/21	06:17:27
sstaddeng5@newyorker.com	mastercard	$417.01	07/04/21	05:22:13
lgarzg6@about.com	mastercard	$84.33	21/02/21	22:11:35
ekinleysideg7@yahoo.co.jp	mastercard	$562.05	06/02/21	08:37:17
etarng8@exblog.jp	mastercard	$85.45	26/03/21	16:13:55
bnorthwayg9@timesonline.co.uk	mastercard	$592.16	25/03/21	13:18:57
vburnittga@bbb.org	mastercard	$119.16	25/02/21	16:25:50
jbrandtgb@ow.ly	mastercard	$313.70	21/02/21	12:33:19
daltoftgc@deliciousdays.com	mastercard	$428.75	14/01/21	22:37:46
hbrattgd@hexun.com	mastercard	$463.55	15/01/21	20:40:17
cmeneyerge@time.com	mastercard	$325.28	28/03/21	09:47:55
ehuisongf@vistaprint.com	mastercard	$138.39	02/03/21	20:32:06
lyorkstongg@redcross.org	mastercard	$379.04	06/02/21	04:31:09
skeilinggh@com.com	mastercard	$775.58	13/03/21	16:00:00
csteagallgi@vk.com	mastercard	$306.49	19/02/21	09:28:44
ljeenesgj@rambler.ru	mastercard	$439.95	11/01/21	09:57:53
hklamptgk@cafepress.com	mastercard	$466.92	06/02/21	19:15:06
aodowlinggl@hp.com	mastercard	$699.83	05/04/21	09:20:54
ccrakergm@themeforest.net	mastercard	$147.24	16/01/21	22:47:54
dclinkgn@dropbox.com	mastercard	$296.44	14/03/21	06:35:20
mmenpesgo@github.com	mastercard	$365.50	16/01/21	14:01:37
rsnalumgp@t.co	mastercard	$514.74	02/02/21	13:35:45
thaggiegq@dailymail.co.uk	mastercard	$82.12	24/03/21	10:44:45
cbegggr@yolasite.com	mastercard	$344.58	25/01/21	09:06:13
whamflettgs@google.com	mastercard	$246.64	12/02/21	20:29:05
smccullouchgt@independent.co.uk	mastercard	$421.40	27/02/21	05:14:30
hcowlesgu@berkeley.edu	mastercard	$334.11	07/04/21	05:54:25
sdanslowgv@posterous.com	mastercard	$733.79	21/01/21	16:56:52
ahallihanegw@blog.com	mastercard	$454.92	30/03/21	22:55:39
vpurkisgx@google.co.jp	mastercard	$451.08	26/01/21	21:31:18
iskirrowgy@deliciousdays.com	mastercard	$774.55	04/02/21	14:10:00
mhighwoodgz@craigslist.org	mastercard	$162.11	18/02/21	22:41:24
xdartanh0@cocolog-nifty.com	mastercard	$158.29	15/01/21	07:14:53
rmatheh1@privacy.gov.au	mastercard	$740.28	23/02/21	15:52:08
awinghamh2@vk.com	mastercard	$345.32	23/02/21	05:57:55
mgrugerrh3@1688.com	mastercard	$419.22	16/02/21	21:04:10
mpanimanh4@salon.com	mastercard	$347.87	05/04/21	20:59:04
hcollissonh5@mlb.com	mastercard	$607.72	26/01/21	21:43:24
shasselbyh6@cdc.gov	mastercard	$331.41	09/03/21	14:07:36
ehabbemah7@jugem.jp	mastercard	$126.45	07/02/21	18:19:47
skerwenh8@admin.ch	mastercard	$123.89	30/03/21	21:16:11
darrundaleh9@taobao.com	mastercard	$113.54	14/02/21	20:16:43
hashha@intel.com	mastercard	$707.46	20/03/21	13:40:42
mparkshb@latimes.com	mastercard	$553.70	11/03/21	13:30:46
gparlothc@furl.net	mastercard	$163.43	11/02/21	15:49:32
tsoignehd@house.gov	mastercard	$648.05	18/03/21	21:09:25
iduffitthe@wordpress.com	mastercard	$559.86	28/02/21	13:00:03
mlarmuthhf@pinterest.com	mastercard	$314.69	31/01/21	14:29:50
mamorthg@dot.gov	mastercard	$567.40	06/02/21	09:20:55
gbilneyhh@unesco.org	mastercard	$457.53	08/04/21	23:55:00
tthurlowhi@cdbaby.com	mastercard	$119.16	14/01/21	20:48:42
affoulkeshj@stanford.edu	mastercard	$692.99	07/04/21	06:27:28
finsallhk@yandex.ru	mastercard	$72.45	30/03/21	20:26:29
hkrollhl@discovery.com	mastercard	$799.82	22/02/21	16:34:15
jruggshm@example.com	mastercard	$412.17	07/02/21	20:46:01
amaddrahn@xing.com	mastercard	$186.38	05/01/21	11:22:08
scouchho@ask.com	mastercard	$662.88	02/02/21	04:45:49
lmcquirkhp@ehow.com	mastercard	$570.81	20/02/21	22:59:43
edidsburyhq@nymag.com	mastercard	$395.44	13/03/21	11:14:20
enaceyhr@ameblo.jp	mastercard	$56.77	18/02/21	11:52:57
jdrewhs@ning.com	mastercard	$101.46	17/01/21	11:22:49
barnsonht@hatena.ne.jp	mastercard	$615.60	24/02/21	05:34:47
vladleyhu@livejournal.com	mastercard	$762.86	01/01/21	15:56:33
lchurchwardhv@phoca.cz	mastercard	$439.55	06/04/21	23:03:40
lellicotthw@weibo.com	mastercard	$634.35	25/01/21	20:43:59
aabramowitzhx@wix.com	mastercard	$301.49	13/03/21	15:45:26
rferbrachehy@reverbnation.com	mastercard	$95.49	11/02/21	10:45:25
cvondrasekhz@home.pl	mastercard	$785.82	11/03/21	11:47:55
dgammetti0@liveinternet.ru	mastercard	$754.14	01/03/21	14:25:52
akrysztowczyki1@printfriendly.com	mastercard	$194.38	03/01/21	06:50:10
etrevainsi2@privacy.gov.au	mastercard	$182.65	14/02/21	21:52:05
ashulemi3@nps.gov	mastercard	$139.79	29/03/21	09:20:16
gmithoni4@ucla.edu	mastercard	$127.88	04/02/21	22:32:55
lcowdeni5@webmd.com	mastercard	$705.92	06/02/21	10:48:24
mmaliai6@nyu.edu	mastercard	$64.20	07/03/21	09:33:22
dwinwoodi7@csmonitor.com	mastercard	$693.83	11/03/21	05:17:18
dfirsbyi8@ted.com	mastercard	$387.16	16/03/21	18:00:18
jpoolei9@cbslocal.com	mastercard	$453.34	12/03/21	19:17:12
hkingswellia@360.cn	mastercard	$773.51	31/03/21	06:45:46
fdewickib@amazon.co.jp	mastercard	$143.62	28/01/21	11:08:06
hcapstaffic@oracle.com	mastercard	$54.78	14/03/21	19:39:23
afreeberneid@msu.edu	mastercard	$396.77	13/03/21	07:54:06
lkeddeyie@reddit.com	mastercard	$639.80	26/03/21	12:33:57
rdrageif@ocn.ne.jp	mastercard	$782.08	26/01/21	12:31:35
mshakesbyeig@mozilla.org	mastercard	$658.81	11/02/21	12:23:06
amckmurrieih@cmu.edu	mastercard	$458.08	07/04/21	19:48:07
kmaciociaii@nps.gov	mastercard	$348.95	30/03/21	16:03:04
abouskillij@ucla.edu	mastercard	$318.26	27/03/21	16:02:38
esobieskiik@disqus.com	mastercard	$344.83	29/03/21	05:37:19
hallridgeil@wufoo.com	mastercard	$132.84	18/02/21	08:28:17
smingayim@gov.uk	mastercard	$17.76	23/03/21	23:30:59
gurpethin@miibeian.gov.cn	mastercard	$612.20	14/03/21	14:52:50
idickyio@cbslocal.com	mastercard	$196.50	15/02/21	11:41:54
tmanuelyip@hp.com	mastercard	$240.75	11/02/21	19:15:39
lpancoustiq@tuttocitta.it	mastercard	$295.46	13/03/21	12:56:04
nwalasir@imageshack.us	mastercard	$455.33	12/03/21	18:40:38
bmanaghis@upenn.edu	mastercard	$481.69	02/01/21	12:16:41
sanneslieit@cyberchimps.com	mastercard	$232.40	03/01/21	06:10:46
rhouseleeiu@blog.com	mastercard	$623.99	11/03/21	14:27:33
nperfordiv@washingtonpost.com	mastercard	$464.49	11/03/21	07:29:53
klundiw@washington.edu	mastercard	$582.85	05/04/21	13:12:05
santliffix@businesswire.com	mastercard	$322.62	27/01/21	06:04:17
ecovenyiy@cpanel.net	mastercard	$40.90	01/01/21	05:34:39
cmeriottiz@bluehost.com	mastercard	$252.48	03/04/21	07:54:16
gpyburnj0@netvibes.com	mastercard	$591.20	31/01/21	16:16:22
badolthinej1@businessweek.com	mastercard	$570.92	08/02/21	22:21:59
wotridgej2@free.fr	mastercard	$761.01	23/03/21	12:27:03
fhatwellsj3@oakley.com	mastercard	$588.81	07/02/21	13:43:13
vhilleyj4@storify.com	mastercard	$578.08	24/01/21	09:04:26
adebankej5@dedecms.com	mastercard	$578.85	05/02/21	05:44:56
sgayforthj6@bbc.co.uk	mastercard	$743.33	04/03/21	17:32:40
tpulhosterj7@dailymotion.com	mastercard	$765.49	03/03/21	09:04:32
crevancej8@bbb.org	mastercard	$180.77	06/01/21	10:24:09
vwilkiej9@usgs.gov	mastercard	$732.86	06/04/21	07:29:32
liacovinija@hostgator.com	mastercard	$322.95	18/01/21	11:19:46
lbaylyjb@thetimes.co.uk	mastercard	$227.44	12/03/21	15:28:15
gknucklesjc@tinypic.com	mastercard	$715.66	11/02/21	11:23:34
lpanichellijd@de.vu	mastercard	$350.58	13/03/21	04:18:02
emcvieje@soup.io	mastercard	$500.41	12/01/21	19:28:04
vkylesjf@pinterest.com	mastercard	$581.18	02/04/21	13:57:01
calyonovjg@ca.gov	mastercard	$661.23	23/01/21	14:42:52
cmackibbonjh@hubpages.com	mastercard	$144.20	21/01/21	05:14:32
lmassyji@japanpost.jp	mastercard	$585.58	13/03/21	20:52:58
jmorgonjj@xrea.com	mastercard	$240.50	15/02/21	09:31:25
gbugbyjk@nbcnews.com	mastercard	$373.92	27/01/21	10:43:47
schengjl@infoseek.co.jp	mastercard	$383.55	14/03/21	10:35:45
aberkelayjm@nba.com	mastercard	$311.81	12/02/21	05:25:07
mwhitemanjn@google.com.au	mastercard	$29.93	08/02/21	17:30:29
vwaylenjo@usnews.com	mastercard	$91.63	13/01/21	13:50:20
kmacfarlanejp@webmd.com	mastercard	$697.24	05/01/21	07:26:00
ldomoneyjq@nih.gov	mastercard	$68.24	21/01/21	14:30:00
cdejuaresjr@hubpages.com	mastercard	$105.06	19/01/21	05:27:16
sbillsberryjs@chron.com	mastercard	$480.55	02/01/21	20:59:22
sbirtsjt@biglobe.ne.jp	mastercard	$241.20	03/04/21	12:06:53
ttilleyju@fc2.com	mastercard	$509.05	20/01/21	18:45:29
vitzkovwichjv@ucoz.com	mastercard	$779.79	17/01/21	23:38:23
khassenjw@nature.com	mastercard	$452.19	04/04/21	16:11:28
ttylerjx@un.org	mastercard	$323.62	12/01/21	23:23:22
pbradtkejy@eventbrite.com	mastercard	$15.71	03/03/21	05:23:26
rpotkinjz@booking.com	mastercard	$692.86	16/01/21	12:15:47
midek0@indiegogo.com	mastercard	$632.43	11/03/21	11:38:56
sbeallk1@archive.org	mastercard	$234.13	18/01/21	21:20:31
jlamiek2@meetup.com	mastercard	$498.18	28/02/21	10:13:55
fhiscokek3@cdbaby.com	mastercard	$219.70	30/03/21	16:22:06
afourmank4@jimdo.com	mastercard	$548.92	26/02/21	08:38:46
djosefssonk5@pcworld.com	mastercard	$782.11	02/01/21	15:30:01
dmelledyk6@printfriendly.com	mastercard	$346.17	24/01/21	22:38:26
mruskink7@twitter.com	mastercard	$399.15	13/03/21	08:13:24
eyablsleyk8@sphinn.com	mastercard	$322.66	06/04/21	18:47:02
mkeightleyk9@examiner.com	mastercard	$678.39	28/02/21	05:27:43
jmalcolmsonka@squarespace.com	mastercard	$554.54	22/03/21	22:09:02
dfrimankb@wiley.com	mastercard	$213.96	06/04/21	11:55:48
jscotchmorekc@youtu.be	mastercard	$118.45	18/03/21	23:38:57
agadaudkd@twitter.com	mastercard	$529.43	19/01/21	17:50:51
dbowerbankke@wufoo.com	mastercard	$593.99	11/01/21	05:47:23
yhawkinkf@squarespace.com	mastercard	$566.83	30/03/21	13:57:59
gwanklingkg@google.co.uk	mastercard	$798.27	06/03/21	08:21:25
ccavnorkh@youku.com	mastercard	$80.92	31/03/21	16:32:54
ajessopki@patch.com	mastercard	$417.37	19/03/21	04:35:22
jwillbournekj@sina.com.cn	mastercard	$681.52	05/03/21	05:57:17
swilfingerkk@bravesites.com	mastercard	$299.80	26/02/21	08:28:53
bjakuszewskikl@slate.com	mastercard	$256.45	20/02/21	07:00:09
aquinanekm@barnesandnoble.com	mastercard	$258.75	25/03/21	19:32:31
vbunstonkn@jimdo.com	mastercard	$743.41	05/04/21	10:03:09
ccramondko@bizjournals.com	mastercard	$199.69	05/03/21	07:28:26
bizackp@ning.com	mastercard	$525.62	12/02/21	21:31:30
zlenzkq@umn.edu	mastercard	$489.68	28/01/21	21:06:25
mpantecostkr@ifeng.com	mastercard	$394.77	06/02/21	22:14:06
crapelliks@diigo.com	mastercard	$763.84	14/03/21	16:35:49
sramaskt@nature.com	mastercard	$669.60	04/03/21	10:41:11
nhebburnku@wsj.com	mastercard	$447.51	27/03/21	15:35:05
mcolthurstkv@telegraph.co.uk	mastercard	$73.66	02/01/21	05:21:36
lbaudekw@booking.com	mastercard	$740.65	12/03/21	09:18:03
bcoucherkx@gizmodo.com	mastercard	$386.48	07/04/21	22:57:32
wbroadwoodky@pagesperso-orange.fr	mastercard	$659.81	27/02/21	06:31:50
egawnekz@discovery.com	mastercard	$298.14	08/04/21	09:36:01
ccloonanl0@1688.com	mastercard	$350.16	12/03/21	16:07:52
dmcmeartyl1@webmd.com	mastercard	$726.61	09/03/21	16:26:53
bjirikl2@webs.com	mastercard	$14.37	31/01/21	05:39:49
stamsl3@prnewswire.com	mastercard	$1.19	28/02/21	13:27:29
dspringalll4@cloudflare.com	mastercard	$313.40	13/01/21	07:05:45
dgronewayl5@vk.com	mastercard	$14.56	31/03/21	12:50:12
phrinchishinl6@google.ru	mastercard	$337.30	01/04/21	04:53:10
ndavidovicl7@forbes.com	mastercard	$326.86	12/03/21	22:31:16
dcolbournel8@ask.com	mastercard	$568.76	22/01/21	22:16:24
bsummersonl9@blinklist.com	mastercard	$75.82	13/02/21	17:52:23
rgroocockla@digg.com	mastercard	$245.79	26/02/21	11:01:33
fshoosmithlb@economist.com	mastercard	$694.87	01/03/21	18:04:09
syegorchenkovlc@stanford.edu	mastercard	$416.28	10/02/21	14:40:59
ecowserld@washingtonpost.com	mastercard	$623.78	22/03/21	23:29:11
abutterle@jiathis.com	mastercard	$507.15	12/01/21	16:43:01
cnoirellf@globo.com	mastercard	$797.16	04/03/21	16:56:02
ifryerlg@123-reg.co.uk	mastercard	$214.36	08/02/21	17:28:12
emathissenlh@i2i.jp	mastercard	$38.47	16/01/21	07:09:28
dstirlandli@princeton.edu	mastercard	$651.30	09/03/21	04:32:29
bmoyeslj@digg.com	mastercard	$191.07	06/02/21	10:39:03
mburnesslk@plala.or.jp	mastercard	$336.20	16/01/21	07:58:42
kaberdalgyll@hao123.com	mastercard	$200.03	16/03/21	20:27:11
bdonnersberglm@pcworld.com	mastercard	$34.79	25/01/21	09:05:07
azapleln@weibo.com	mastercard	$735.49	09/02/21	19:03:55
jmcgeaneylo@desdev.cn	mastercard	$301.67	02/03/21	20:13:24
ggepsonlp@de.vu	mastercard	$714.91	30/01/21	15:55:33
csandilandslq@pcworld.com	mastercard	$334.42	05/04/21	11:05:25
avindenlr@live.com	mastercard	$761.42	05/03/21	22:18:34
hhaxellls@unicef.org	mastercard	$188.88	26/01/21	06:33:02
jleggenlt@godaddy.com	mastercard	$609.98	02/04/21	05:18:23
paitchesonlu@creativecommons.org	mastercard	$120.64	19/01/21	07:56:28
wcullenlv@geocities.jp	mastercard	$597.64	04/03/21	11:00:19
estorahlw@macromedia.com	mastercard	$364.30	22/02/21	13:33:49
dmeriellx@google.com.br	mastercard	$524.37	10/03/21	18:23:08
bhalliburtonly@prlog.org	mastercard	$260.22	27/03/21	21:47:02
tgoodsirlz@dion.ne.jp	mastercard	$773.35	31/03/21	08:52:33
egyrgorwicxm0@ezinearticles.com	mastercard	$314.58	19/01/21	04:16:40
rkitteringhamm1@yandex.ru	mastercard	$572.82	14/01/21	11:50:47
rkeillohm2@sbwire.com	mastercard	$486.07	12/02/21	14:09:54
apougherm3@elegantthemes.com	mastercard	$759.46	12/01/21	07:38:41
jkingerbym4@exblog.jp	mastercard	$669.93	22/01/21	22:18:33
mvasyutichevm5@plala.or.jp	mastercard	$437.42	14/01/21	14:28:32
nketchasidem6@google.ru	mastercard	$562.52	03/01/21	14:09:57
lcysterm7@cyberchimps.com	mastercard	$657.65	02/04/21	22:50:25
flampkinm8@de.vu	mastercard	$157.72	27/03/21	21:22:34
mpendrichm9@meetup.com	mastercard	$289.77	29/03/21	15:59:20
pcorkelma@seattletimes.com	mastercard	$782.97	25/01/21	22:43:20
mnonomb@purevolume.com	mastercard	$64.87	19/02/21	12:20:36
dkealmc@huffingtonpost.com	mastercard	$88.64	04/04/21	13:28:04
lmcnallymd@nhs.uk	mastercard	$313.47	26/02/21	12:29:59
abodimeademe@senate.gov	mastercard	$171.26	20/01/21	15:08:22
shorbathmf@hc360.com	mastercard	$111.35	09/04/21	18:05:28
skarpeevmg@technorati.com	mastercard	$227.42	26/02/21	13:03:02
pruburymh@un.org	mastercard	$197.91	26/03/21	16:08:00
jgavinmi@bbc.co.uk	mastercard	$713.83	05/04/21	05:20:01
pdenerleymj@chicagotribune.com	mastercard	$261.85	05/01/21	10:29:45
mbonnairemk@va.gov	mastercard	$564.21	13/03/21	15:03:50
gellifml@gov.uk	mastercard	$601.31	15/03/21	20:50:24
cdavidovicmm@nasa.gov	mastercard	$597.64	31/03/21	19:06:18
kellicottmn@dailymail.co.uk	mastercard	$530.99	31/03/21	16:46:16
alapremo@sourceforge.net	mastercard	$106.45	09/03/21	13:26:02
ffanthomemp@google.com	mastercard	$777.67	01/02/21	11:01:55
gcobbinmq@mozilla.org	mastercard	$99.28	18/02/21	07:58:35
dtremmilmr@tripod.com	mastercard	$756.30	24/03/21	14:20:44
bkasperskims@fc2.com	mastercard	$369.23	24/01/21	09:56:29
adavidovicimt@mysql.com	mastercard	$709.71	08/01/21	06:41:31
sdoeymu@prnewswire.com	mastercard	$410.61	04/02/21	22:03:19
dlethabridgemv@liveinternet.ru	mastercard	$117.69	26/03/21	22:18:36
mtrentmw@linkedin.com	mastercard	$474.96	09/04/21	14:04:31
szealandermx@chicagotribune.com	mastercard	$99.44	09/01/21	21:33:34
cenglefieldmy@slideshare.net	mastercard	$561.32	04/01/21	17:37:43
jcavaliermz@clickbank.net	mastercard	$506.23	21/03/21	10:20:24
dbenzn0@columbia.edu	mastercard	$158.93	02/01/21	09:44:13
lgregorinn1@ed.gov	mastercard	$511.81	30/03/21	11:53:13
cackerleyn2@jugem.jp	mastercard	$770.23	01/01/21	11:02:33
taubryn3@icq.com	mastercard	$269.69	04/02/21	05:25:48
rannablen4@tmall.com	mastercard	$116.74	18/02/21	11:37:23
lwaliszewskin5@wiley.com	mastercard	$679.39	17/02/21	18:23:23
ejagelsn6@indiegogo.com	mastercard	$636.13	11/02/21	05:20:43
jspinellon7@yellowbook.com	mastercard	$268.96	22/02/21	06:21:59
sbruinemann8@comsenz.com	mastercard	$620.73	29/01/21	23:12:03
fthreadgoldn9@issuu.com	mastercard	$86.51	17/03/21	13:58:34
myurevichna@gmpg.org	mastercard	$646.89	13/01/21	12:48:40
mcapeynb@ebay.co.uk	mastercard	$119.15	13/02/21	07:33:52
mmcgarahannc@indiatimes.com	mastercard	$219.52	14/01/21	06:20:42
wcescotnd@tiny.cc	mastercard	$51.49	08/02/21	17:16:14
jdaybornene@cdbaby.com	mastercard	$490.54	10/01/21	10:54:22
wromushkinnf@simplemachines.org	mastercard	$748.27	08/04/21	04:24:56
tdahmkeng@usatoday.com	mastercard	$376.27	11/03/21	08:53:58
hbellinnh@cargocollective.com	mastercard	$568.26	05/02/21	20:29:41
ymcgeeni@goo.gl	mastercard	$336.23	10/01/21	17:32:18
vcrabbnj@state.tx.us	mastercard	$662.06	08/01/21	17:41:08
lfaldoenk@cbc.ca	mastercard	$586.03	15/02/21	08:35:03
fshaperanl@shop-pro.jp	mastercard	$463.57	27/01/21	13:02:30
galsobrooknm@webmd.com	mastercard	$339.48	23/03/21	05:31:20
carbornn@wikipedia.org	mastercard	$238.47	31/03/21	17:58:53
csainteauno@whitehouse.gov	mastercard	$359.22	06/03/21	09:15:59
fbrislandnp@istockphoto.com	mastercard	$113.46	24/01/21	13:02:15
jtwintermannq@aol.com	mastercard	$57.82	12/03/21	04:59:13
rtrusdalenr@feedburner.com	mastercard	$296.18	04/02/21	14:23:23
nmuddicliffens@google.fr	mastercard	$117.10	20/02/21	11:55:11
egartlandnt@facebook.com	mastercard	$494.15	16/03/21	13:25:16
mlargannu@chron.com	mastercard	$308.06	15/02/21	12:15:52
emangenotnv@google.com.hk	mastercard	$364.31	22/01/21	08:59:02
ndudhillnw@imageshack.us	mastercard	$631.94	04/02/21	06:31:39
caksellnx@newsvine.com	mastercard	$132.60	27/03/21	11:08:19
riredellny@facebook.com	mastercard	$651.82	28/01/21	12:27:02
sdancernz@illinois.edu	mastercard	$560.82	09/03/21	21:05:09
vsherlando0@hao123.com	mastercard	$502.86	05/02/21	07:36:15
xedgcumbeo1@1688.com	mastercard	$121.83	24/01/21	09:27:38
holleto2@hugedomains.com	mastercard	$423.02	30/03/21	21:42:47
nmaccombeo3@blinklist.com	mastercard	$699.69	07/04/21	19:01:21
mboadbyo4@barnesandnoble.com	mastercard	$302.05	17/03/21	22:08:31
vmaloneyo5@dyndns.org	mastercard	$196.91	07/01/21	20:21:15
edavidovicho6@eepurl.com	mastercard	$406.04	14/03/21	12:16:18
dargyleo7@sina.com.cn	mastercard	$119.05	20/03/21	05:36:39
cyashaevo8@twitter.com	mastercard	$238.40	23/01/21	21:56:52
knultyo9@ihg.com	mastercard	$694.39	05/03/21	22:42:40
vmunrooa@sciencedirect.com	mastercard	$284.06	12/03/21	21:04:03
jkattob@ow.ly	mastercard	$422.81	28/01/21	04:50:14
ddommerqueoc@home.pl	mastercard	$662.24	25/03/21	05:44:25
fdelaprelleod@free.fr	mastercard	$71.60	28/03/21	23:19:57
jriglesfordoe@taobao.com	mastercard	$316.00	30/01/21	08:04:33
pgregorowiczof@virginia.edu	mastercard	$560.89	24/02/21	04:28:44
bcollarog@loc.gov	mastercard	$87.49	25/02/21	17:24:57
mwheildonoh@myspace.com	mastercard	$404.80	11/02/21	14:35:49
lcorneroi@webeden.co.uk	mastercard	$790.91	13/01/21	17:26:21
bdefreyneoj@flavors.me	mastercard	$45.43	28/03/21	07:57:38
nreffeok@opensource.org	mastercard	$312.50	01/04/21	19:49:29
csebrensol@wufoo.com	mastercard	$622.09	16/03/21	10:51:36
hbrimsonom@senate.gov	mastercard	$488.65	13/02/21	04:12:57
bhalleton@baidu.com	mastercard	$764.99	24/03/21	13:42:55
lswindenoo@wordpress.com	mastercard	$728.41	06/01/21	11:02:28
sleftleyop@usa.gov	mastercard	$101.71	07/01/21	06:57:45
lgresonoq@reverbnation.com	mastercard	$152.06	20/01/21	13:34:21
gmummor@newyorker.com	mastercard	$734.63	14/01/21	17:46:27
cjaanos@mozilla.org	mastercard	$743.40	13/02/21	13:25:45
ehanningot@ovh.net	mastercard	$313.48	09/03/21	05:16:43
oguillotinou@google.ru	mastercard	$417.20	26/01/21	21:11:56
kdanherov@jalbum.net	mastercard	$347.12	28/02/21	10:27:14
bjacqueminetow@narod.ru	mastercard	$392.99	25/01/21	21:22:09
mcraddyox@state.tx.us	mastercard	$307.08	24/02/21	06:20:57
sfitzsimmonsoy@forbes.com	mastercard	$505.64	04/02/21	05:17:46
tlinkleteroz@illinois.edu	mastercard	$94.07	30/03/21	11:25:35
djanatkap0@cocolog-nifty.com	mastercard	$595.73	27/02/21	20:29:22
eximenezp1@biglobe.ne.jp	mastercard	$349.84	21/01/21	06:47:12
bmcpheep2@creativecommons.org	mastercard	$735.19	08/03/21	11:53:35
roscannillp3@privacy.gov.au	mastercard	$612.26	26/03/21	14:18:32
udodsleyp4@biglobe.ne.jp	mastercard	$159.96	05/01/21	23:49:35
ehousegoep5@hhs.gov	mastercard	$627.67	27/02/21	14:22:10
strowsdalep6@twitter.com	mastercard	$633.36	08/03/21	19:02:16
mkemsonp7@xing.com	mastercard	$758.42	24/02/21	18:35:52
dmacwhirterp8@noaa.gov	mastercard	$432.33	10/01/21	08:31:32
rlowyp9@wordpress.org	mastercard	$260.80	01/02/21	05:40:34
ijacklingpa@php.net	mastercard	$280.75	25/03/21	14:09:53
lbeardonpb@drupal.org	mastercard	$489.04	18/01/21	09:55:37
mcrafterpc@scribd.com	mastercard	$10.14	23/03/21	04:43:53
lfashampd@opensource.org	mastercard	$628.66	23/03/21	11:57:29
rdubspe@mtv.com	mastercard	$676.96	07/01/21	16:00:04
rautherspf@sphinn.com	mastercard	$781.93	15/01/21	13:32:35
jdalglishpg@sphinn.com	mastercard	$566.48	05/03/21	04:27:18
citscowiczph@tinypic.com	mastercard	$381.13	26/01/21	14:37:01
glapiduspi@phpbb.com	mastercard	$154.68	05/03/21	14:21:47
bcailpj@artisteer.com	mastercard	$552.66	19/03/21	08:04:23
molerenshawpk@dyndns.org	mastercard	$674.21	12/01/21	16:50:36
pdulakepl@rakuten.co.jp	mastercard	$523.19	11/01/21	09:36:06
gavispm@php.net	mastercard	$153.71	10/02/21	07:06:44
mladburypn@adobe.com	mastercard	$361.75	17/01/21	08:02:01
vnutmanpo@mozilla.com	mastercard	$182.53	15/02/21	10:14:05
bbootpp@pcworld.com	mastercard	$335.74	11/02/21	07:10:44
ndegnenpq@europa.eu	mastercard	$326.84	17/02/21	04:44:57
gbecarispr@sitemeter.com	mastercard	$518.25	15/02/21	15:09:42
syouteadps@bizjournals.com	mastercard	$477.39	27/02/21	21:01:17
frishmanpt@businesswire.com	mastercard	$491.63	02/02/21	22:47:28
fbudcockpu@google.cn	mastercard	$518.57	15/01/21	08:48:24
nhenmarshpv@slate.com	mastercard	$678.83	21/02/21	13:33:22
pcavespw@lulu.com	mastercard	$50.03	06/03/21	12:53:56
qroakepx@fc2.com	mastercard	$655.85	14/03/21	17:34:32
cjahnerpy@sciencedirect.com	mastercard	$348.81	22/02/21	10:56:41
mbespz@hibu.com	mastercard	$488.84	18/01/21	06:07:11
cchristofidesq0@biblegateway.com	mastercard	$658.26	15/01/21	05:12:45
psteptoweq1@360.cn	mastercard	$565.63	26/02/21	15:53:54
dcowxq2@nyu.edu	mastercard	$373.29	27/03/21	07:59:48
lmiguetq3@nytimes.com	mastercard	$747.88	02/04/21	05:25:49
cleucharsq4@columbia.edu	mastercard	$759.93	04/04/21	20:18:27
abarmadierq5@senate.gov	mastercard	$275.58	12/03/21	22:52:04
biannuzzelliq6@hugedomains.com	mastercard	$489.48	06/04/21	17:02:25
cmccroaryq7@businessinsider.com	mastercard	$740.89	30/03/21	07:25:31
cmergueq8@blog.com	mastercard	$124.95	01/03/21	16:06:42
phewinsq9@washingtonpost.com	mastercard	$226.62	13/01/21	14:37:28
rpeschmannqa@ucoz.com	mastercard	$7.19	09/03/21	20:17:37
whambidgeqb@oakley.com	mastercard	$404.19	28/01/21	06:28:54
ewhaleyqc@bbb.org	mastercard	$518.34	10/02/21	11:41:19
mglassfordqd@yandex.ru	mastercard	$149.17	11/01/21	09:59:49
nstollmeyerqe@hc360.com	mastercard	$25.49	05/02/21	11:57:19
tmallabundqf@comcast.net	mastercard	$502.60	09/04/21	05:05:11
cfarloweqg@aol.com	mastercard	$550.09	04/01/21	23:39:45
cmclindenqh@people.com.cn	mastercard	$766.19	06/02/21	14:54:38
aandoverqi@bloglines.com	mastercard	$280.62	19/03/21	17:40:07
gfarnfieldqj@ftc.gov	mastercard	$54.79	20/01/21	22:21:19
mlettenqk@newyorker.com	mastercard	$76.29	11/02/21	07:08:18
pmathesql@wired.com	mastercard	$304.81	14/01/21	18:45:02
ledmedqm@ft.com	mastercard	$621.94	21/02/21	23:20:48
gtatherqn@psu.edu	mastercard	$600.85	11/02/21	12:00:16
mcholertonqo@ameblo.jp	mastercard	$560.18	10/02/21	11:19:37
dswinyardqp@tamu.edu	mastercard	$152.33	26/03/21	18:23:50
acutcheyqq@free.fr	mastercard	$686.96	08/03/21	07:25:36
wdaykinqr@webnode.com	mastercard	$511.05	30/03/21	13:19:01
hbrandliqs@topsy.com	mastercard	$330.24	24/01/21	23:36:53
kbrightwellqt@psu.edu	mastercard	$9.48	16/01/21	15:09:14
jforriqu@gizmodo.com	mastercard	$155.15	27/01/21	16:51:52
jcarlqv@sina.com.cn	mastercard	$182.14	09/02/21	09:45:23
fallittqw@ucoz.ru	mastercard	$119.99	03/04/21	23:52:48
lfulcherqx@psu.edu	mastercard	$74.84	06/01/21	06:14:52
bmaylerqy@ucoz.ru	mastercard	$456.08	17/02/21	21:44:41
dortmannqz@berkeley.edu	mastercard	$9.04	05/04/21	18:36:28
mpartletonr0@hostgator.com	mastercard	$730.11	30/03/21	18:58:32
amorriesonr1@t-online.de	mastercard	$325.81	19/02/21	14:57:34
namphlettr2@cyberchimps.com	mastercard	$49.56	21/02/21	22:32:24
kmiddlewickr3@nhs.uk	mastercard	$389.38	25/03/21	07:54:11
griddettr4@mlb.com	mastercard	$94.15	16/01/21	21:38:24
dpalinr5@people.com.cn	mastercard	$271.74	29/03/21	07:11:36
epainterr6@naver.com	mastercard	$467.97	12/02/21	13:53:41
nhimsworthr7@phoca.cz	mastercard	$45.15	05/03/21	04:19:15
cemmattr8@samsung.com	mastercard	$34.76	01/01/21	18:05:04
ncluffr9@constantcontact.com	mastercard	$155.29	16/01/21	16:42:50
efarfootra@archive.org	mastercard	$474.49	22/03/21	12:40:32
dwhettonrb@bbc.co.uk	mastercard	$767.53	30/03/21	06:09:36
tpoluzzirc@dmoz.org	mastercard	$560.73	28/01/21	19:22:45
bsarrerd@ox.ac.uk	mastercard	$537.51	21/02/21	15:15:04
trivesre@economist.com	mastercard	$255.37	04/03/21	14:23:59
mfawdryrf@dropbox.com	mastercard	$284.04	12/03/21	13:47:25
hroscamprg@amazonaws.com	mastercard	$143.25	26/02/21	10:33:40
mcranhamrh@businessinsider.com	mastercard	$281.17	12/02/21	05:57:46
sdudlestoneri@addtoany.com	mastercard	$510.28	20/01/21	07:12:37
cgiuronrj@usatoday.com	mastercard	$113.92	27/01/21	13:15:53
awoolforderk@dailymail.co.uk	mastercard	$418.83	07/04/21	14:23:55
tdragonetterl@google.fr	mastercard	$621.10	10/01/21	08:33:56
lhaddowrm@seesaa.net	mastercard	$770.52	28/03/21	22:37:58
rhalpenrn@cpanel.net	mastercard	$565.42	29/03/21	12:36:43
udungeero@usnews.com	mastercard	$343.58	16/03/21	16:53:29
bmacerp@miitbeian.gov.cn	mastercard	$187.58	13/01/21	14:51:11
awestmorelandrq@t-online.de	mastercard	$175.76	27/02/21	09:56:36
cisaakrr@deliciousdays.com	mastercard	$468.91	10/03/21	14:16:53
