mail	montant	date	heure
jbread0@dell.com	$649.45	27/03/21	23:10:34
hwabersinke1@usnews.com	$711.69	01/01/21	18:02:07
mhaxley2@github.com	$280.58	16/01/21	09:45:08
blinton3@xrea.com	$122.19	02/03/21	08:57:14
espradbery4@sciencedaily.com	$407.26	18/03/21	09:11:31
bsamples5@cam.ac.uk	$737.33	07/02/21	14:21:12
sgerber6@123-reg.co.uk	$662.15	12/01/21	20:17:39
rpaur7@abc.net.au	$428.07	07/01/21	14:32:45
ctricker8@symantec.com	$503.63	26/03/21	05:24:50
jwhiteway9@ocn.ne.jp	$332.08	19/03/21	07:20:15
tsorriea@1und1.de	$418.25	10/03/21	21:13:44
smcmurtyrb@yandex.ru	$140.53	12/02/21	21:56:50
rprykec@cbc.ca	$189.72	10/01/21	05:48:46
abougourdd@gov.uk	$214.36	03/04/21	10:59:40
jgerrille@irs.gov	$784.25	22/02/21	06:34:26
cjehuf@blogtalkradio.com	$23.78	06/04/21	21:43:28
erampageg@miibeian.gov.cn	$595.49	27/01/21	08:39:42
ckaaskooperh@themeforest.net	$762.91	16/02/21	23:51:51
pnewshami@4shared.com	$208.77	12/01/21	20:17:14
lvasilyevj@nbcnews.com	$369.79	13/02/21	09:00:32
slazenbyk@shutterfly.com	$389.88	05/01/21	19:43:30
tdoranl@studiopress.com	$107.14	02/01/21	05:40:29
rsmorthitm@unicef.org	$292.13	10/03/21	23:39:38
lhoneywoodn@sphinn.com	$384.09	06/03/21	05:09:37
hgladwino@salon.com	$424.31	19/02/21	13:49:36
troep@wix.com	$421.61	23/02/21	17:57:18
imaccrossonq@bing.com	$364.15	06/02/21	12:38:55
swabersinker@prweb.com	$694.52	14/02/21	06:57:55
tsorros@va.gov	$568.96	20/02/21	10:39:51
eigoet@marketwatch.com	$213.24	02/04/21	23:56:59
hmcgriffinu@github.com	$779.35	06/04/21	14:33:18
amettrickv@usa.gov	$7.21	09/03/21	23:06:03
bbuzinw@hostgator.com	$492.18	01/01/21	15:52:41
ktwiggsx@bandcamp.com	$538.60	23/01/21	12:42:00
sdeyey@vistaprint.com	$451.07	09/03/21	16:21:44
cbonifacioz@smugmug.com	$69.85	06/02/21	20:07:11
hstanistreet10@dmoz.org	$770.53	15/03/21	22:56:47
kbarney11@163.com	$165.44	11/02/21	17:31:33
isales12@marriott.com	$419.88	06/03/21	14:08:37
bfarish13@bbc.co.uk	$579.61	20/03/21	06:41:43
aomullane14@comcast.net	$271.82	07/01/21	13:56:19
rcosten15@geocities.jp	$626.76	01/04/21	23:26:43
thighman16@reddit.com	$42.39	18/01/21	06:49:22
againsburgh17@theguardian.com	$638.83	02/04/21	06:33:28
acleeves18@ucoz.com	$103.14	15/02/21	22:57:25
mburridge19@google.co.jp	$501.73	16/01/21	18:56:47
ocoppock1a@indiatimes.com	$573.93	02/02/21	21:23:30
mmacmeeking1b@ftc.gov	$676.29	31/03/21	22:48:23
rlupson1c@ox.ac.uk	$734.94	14/01/21	09:02:53
mdavis1d@hc360.com	$666.47	08/03/21	05:47:59
cworlidge1e@addthis.com	$115.07	18/01/21	23:08:00
gswan1f@virginia.edu	$274.11	06/04/21	16:07:21
dhing1g@foxnews.com	$197.93	18/03/21	05:40:54
fmcpaike1h@t.co	$457.85	05/02/21	05:53:58
mdommerque1i@trellian.com	$115.28	19/02/21	17:38:18
smabb1j@blog.com	$392.89	11/01/21	09:27:57
cgateland1k@mapquest.com	$430.46	31/03/21	19:41:49
gpettengell1l@amazon.com	$612.34	02/04/21	13:34:56
rwaberer1m@businessinsider.com	$442.45	24/02/21	22:43:57
mcorcut1n@jalbum.net	$370.68	13/03/21	05:17:12
tloach1o@examiner.com	$201.60	08/01/21	05:34:52
acarreck1p@dyndns.org	$385.06	22/02/21	07:22:20
sgummory1q@mapy.cz	$3.90	02/03/21	05:31:05
mstillgoe1r@about.me	$536.26	02/04/21	12:55:00
kharlett1s@jugem.jp	$308.28	01/01/21	14:31:21
yhurdidge1t@naver.com	$757.45	06/04/21	18:31:28
igoor1u@artisteer.com	$122.43	28/01/21	09:56:07
kcrotch1v@linkedin.com	$225.52	09/03/21	07:23:34
bcrichley1w@squidoo.com	$235.43	06/04/21	07:24:55
mbromfield1x@marriott.com	$369.90	13/03/21	12:48:11
tdelouch1y@admin.ch	$730.87	12/02/21	19:48:01
paymerich1z@smh.com.au	$618.14	09/04/21	20:32:22
cbonifant20@zimbio.com	$271.97	11/01/21	08:45:54
chaborn21@webnode.com	$554.20	25/03/21	18:15:51
arawcliff22@techcrunch.com	$381.31	02/01/21	07:06:56
achampain23@squidoo.com	$457.65	22/03/21	13:30:45
jstoffels24@tuttocitta.it	$76.73	14/02/21	19:09:41
scarcass25@bigcartel.com	$760.22	27/03/21	04:18:54
lpinchin26@examiner.com	$127.54	09/02/21	16:35:23
gdeverick27@4shared.com	$714.75	03/03/21	23:49:34
jbourley28@addtoany.com	$270.92	06/02/21	04:08:52
jlack29@blog.com	$136.65	28/01/21	15:41:31
cwoolard2a@qq.com	$254.21	22/02/21	23:35:44
lclapshaw2b@skype.com	$86.79	22/02/21	15:36:25
erymmer2c@imageshack.us	$85.94	20/03/21	07:48:50
galdrick2d@friendfeed.com	$797.99	18/02/21	04:08:39
cmcmeekin2e@techcrunch.com	$230.99	13/03/21	16:35:30
jready2f@apache.org	$397.33	04/03/21	13:08:41
jwhitwood2g@slate.com	$778.30	27/01/21	04:37:07
mtricker2h@histats.com	$700.28	07/02/21	08:45:18
lhuddleston2i@psu.edu	$246.09	01/03/21	17:03:07
hpedrocco2j@rediff.com	$611.29	23/02/21	09:01:44
aenders2k@jugem.jp	$156.80	14/01/21	08:33:41
ahantusch2l@amazon.co.uk	$525.40	10/02/21	08:54:40
erasor2m@guardian.co.uk	$692.01	02/03/21	14:00:06
csill2n@imgur.com	$281.88	10/02/21	17:47:04
ldoring2o@desdev.cn	$756.47	13/03/21	21:27:51
etwigge2p@theguardian.com	$769.47	20/03/21	08:47:29
dhaslen2q@tumblr.com	$34.67	08/02/21	22:08:12
cbourthouloume2r@ucoz.com	$586.50	03/01/21	14:13:14
jmanshaw2s@utexas.edu	$212.98	16/03/21	20:01:27
knesterov2t@illinois.edu	$161.52	13/03/21	17:23:42
ldivis2u@meetup.com	$200.49	13/01/21	12:21:42
cperkin2v@engadget.com	$383.61	07/03/21	16:35:49
fguillem2w@homestead.com	$763.33	23/02/21	10:18:09
czanassi2x@google.fr	$766.11	11/01/21	13:31:36
wlotterington2y@paginegialle.it	$312.83	13/02/21	16:35:14
julster2z@godaddy.com	$706.00	09/04/21	06:29:53
fguitel30@arizona.edu	$33.10	15/03/21	12:58:24
eimmings31@godaddy.com	$261.47	11/02/21	14:06:18
lshitliffe32@si.edu	$120.01	09/04/21	11:10:34
rarntzen33@list-manage.com	$7.45	03/04/21	19:16:18
mmaccaffery34@ameblo.jp	$209.96	03/01/21	09:01:48
godennehy35@home.pl	$246.77	04/03/21	14:20:15
tneild36@youtube.com	$243.20	29/01/21	23:20:51
msyversen37@ebay.co.uk	$533.66	18/02/21	17:42:58
abyfield38@techcrunch.com	$282.16	22/02/21	20:09:39
jhickinbottom39@cisco.com	$507.54	02/02/21	13:48:27
uthunderman3a@globo.com	$774.41	10/03/21	18:24:35
amilberry3b@shinystat.com	$672.44	20/01/21	09:06:29
svalenta3c@shop-pro.jp	$76.31	27/03/21	22:39:13
croumier3d@pen.io	$410.05	15/02/21	05:44:18
vradmore3e@weebly.com	$644.41	08/04/21	23:34:22
ddacca3f@devhub.com	$326.12	08/02/21	09:38:58
swyne3g@vistaprint.com	$245.15	27/02/21	20:14:00
warnal3h@moonfruit.com	$787.51	17/03/21	11:16:41
etindall3i@canalblog.com	$200.07	07/03/21	22:35:40
gmenhci3j@sourceforge.net	$206.75	03/01/21	10:30:24
tboyles3k@g.co	$768.04	22/02/21	21:10:53
mhayer3l@mashable.com	$352.48	04/02/21	16:14:39
fharrad3m@vk.com	$772.81	09/03/21	20:39:35
mbradnock3n@tripod.com	$337.27	27/01/21	21:14:35
nbroady3o@trellian.com	$651.59	30/03/21	23:00:27
rseif3p@i2i.jp	$27.92	22/01/21	21:37:28
rsevior3q@fema.gov	$590.43	11/02/21	15:20:44
apearman3r@pagesperso-orange.fr	$785.78	10/03/21	17:15:30
aedensor3s@phoca.cz	$125.24	28/02/21	20:32:40
gverner3t@lulu.com	$710.30	06/01/21	12:24:56
pkatz3u@cnbc.com	$189.80	13/01/21	18:12:25
bmurrie3v@shinystat.com	$529.46	27/02/21	18:03:25
ooshiel3w@about.com	$190.47	23/03/21	18:15:07
syakovl3x@people.com.cn	$731.16	01/01/21	14:57:28
apinner3y@i2i.jp	$572.63	07/02/21	06:32:09
brehm3z@skyrock.com	$317.71	03/03/21	13:59:30
elitherborough40@edublogs.org	$215.24	07/03/21	19:47:45
tyakovlev41@jigsy.com	$386.11	13/02/21	07:37:15
jcaddie42@yahoo.com	$527.85	08/02/21	12:20:21
baltoft43@e-recht24.de	$534.04	17/02/21	12:43:32
aelliott44@chicagotribune.com	$289.95	09/03/21	15:07:25
jhartle45@fda.gov	$648.84	05/03/21	23:29:40
gcisco46@telegraph.co.uk	$471.83	16/01/21	16:08:14
afaustian47@fastcompany.com	$559.13	02/04/21	13:54:25
elorenzini48@hexun.com	$163.05	04/03/21	20:30:14
cambrogetti49@deliciousdays.com	$144.76	15/01/21	11:24:22
jhukins4a@is.gd	$450.43	22/01/21	21:22:48
wperone4b@sciencedaily.com	$289.13	28/03/21	20:31:52
iroxburch4c@pinterest.com	$218.67	21/02/21	08:16:46
bgeroldo4d@macromedia.com	$78.18	07/03/21	04:05:32
mdoddemeade4e@techcrunch.com	$571.87	25/02/21	20:59:03
jschroder4f@samsung.com	$680.93	15/03/21	15:31:47
bgoymer4g@omniture.com	$575.28	14/02/21	20:50:14
hpapes4h@ameblo.jp	$111.93	13/01/21	07:39:23
ahoodless4i@weather.com	$647.75	17/03/21	06:32:37
tongin4j@phoca.cz	$568.70	06/02/21	17:57:35
gwoodfine4k@alibaba.com	$236.09	22/02/21	07:22:33
lrudgerd4l@surveymonkey.com	$578.85	27/02/21	13:51:54
hfillis4m@harvard.edu	$759.27	26/03/21	23:39:04
gkira4n@columbia.edu	$540.30	20/03/21	21:38:10
mdoyley4o@technorati.com	$656.00	11/02/21	10:04:32
iverrier4p@wix.com	$67.44	10/01/21	16:58:00
lreynalds4q@behance.net	$282.15	29/03/21	12:59:32
tgiacobilio4r@twitter.com	$75.56	28/01/21	09:51:00
kcoker4s@parallels.com	$351.65	08/04/21	07:09:47
dkliesl4t@unblog.fr	$760.11	18/01/21	21:56:47
akitcat4u@de.vu	$241.14	26/03/21	07:27:36
cleathard4v@histats.com	$223.46	12/02/21	14:16:46
srossant4w@cbslocal.com	$461.28	12/02/21	09:31:25
drosenblatt4x@discuz.net	$200.40	04/02/21	10:40:29
amartinovsky4y@webs.com	$534.17	26/01/21	22:21:45
lbowld4z@samsung.com	$792.40	30/01/21	23:41:28
afrancom50@oaic.gov.au	$103.34	02/01/21	06:30:40
klapre51@ebay.co.uk	$29.65	05/04/21	15:00:21
mbonnavant52@army.mil	$106.50	27/03/21	05:37:53
fchasney53@alexa.com	$603.64	17/01/21	08:32:07
ebinner54@cafepress.com	$321.66	06/04/21	10:55:35
amcarley55@mayoclinic.com	$397.80	30/03/21	19:43:58
hburgett56@twitpic.com	$473.51	06/01/21	08:40:56
wmidlar57@google.fr	$35.29	18/03/21	11:09:39
aelsbury58@mashable.com	$213.29	05/02/21	11:46:34
frosekilly59@reference.com	$378.26	02/04/21	06:44:06
snobes5a@live.com	$306.16	22/02/21	10:24:08
dbril5b@sitemeter.com	$31.41	01/03/21	11:59:41
mcaldecutt5c@qq.com	$371.83	04/02/21	04:33:29
eoldacre5d@engadget.com	$233.56	31/03/21	04:11:31
dalster5e@cafepress.com	$791.83	10/01/21	10:31:14
mokie5f@biblegateway.com	$224.57	26/01/21	07:07:36
trobiot5g@deliciousdays.com	$679.08	18/02/21	06:37:51
ebernhardi5h@feedburner.com	$498.84	10/03/21	18:42:46
houver5i@devhub.com	$713.91	04/04/21	08:35:18
rhasselby5j@ucla.edu	$613.67	23/01/21	10:33:48
frickard5k@google.co.uk	$504.79	19/02/21	05:58:13
sbattany5l@globo.com	$674.19	22/02/21	07:37:29
zmacintyre5m@cargocollective.com	$242.62	14/02/21	09:00:31
ztirrell5n@hhs.gov	$282.77	17/02/21	04:16:52
vgerin5o@chron.com	$613.86	25/02/21	09:50:45
ogibb5p@blogs.com	$57.70	16/01/21	08:53:39
probardet5q@squarespace.com	$472.21	16/01/21	17:58:44
wdietz5r@nhs.uk	$545.20	26/01/21	08:30:05
ubachelor5s@youtu.be	$118.71	18/03/21	20:47:02
lflawn5t@behance.net	$530.70	25/01/21	07:03:20
rsturgis5u@hao123.com	$647.17	25/02/21	12:56:07
tsifleet5v@yelp.com	$720.21	08/02/21	12:55:13
dbrasse5w@wikia.com	$373.77	03/01/21	10:26:13
fkosiada5x@cnbc.com	$468.48	30/03/21	21:29:38
bdugmore5y@smugmug.com	$488.58	14/03/21	04:13:10
demmert5z@cloudflare.com	$556.72	08/02/21	19:06:16
rgreenall60@netscape.com	$599.40	13/02/21	10:42:38
jbaumadier61@nasa.gov	$494.40	04/02/21	20:33:44
dtame62@edublogs.org	$83.42	17/03/21	22:00:14
mwarlton63@unblog.fr	$778.18	19/03/21	20:36:59
hgates64@bbc.co.uk	$21.32	08/01/21	10:41:34
astoacley65@hostgator.com	$542.73	05/01/21	14:00:31
mhinckes66@irs.gov	$216.41	28/01/21	08:40:52
arosetti67@oracle.com	$96.87	31/03/21	06:17:49
lbeahan68@reverbnation.com	$327.29	02/02/21	21:03:11
idiamond69@webnode.com	$371.20	17/01/21	05:45:55
cvanross6a@usgs.gov	$545.60	19/02/21	19:35:12
ldannatt6b@google.co.jp	$342.14	25/03/21	14:11:29
tsalasar6c@livejournal.com	$718.75	15/02/21	14:11:30
aspraggs6d@weebly.com	$165.94	01/04/21	11:08:02
adurber6e@people.com.cn	$433.77	23/02/21	21:06:37
lklimowski6f@deliciousdays.com	$393.91	09/03/21	16:49:07
gmouland6g@ask.com	$646.65	16/03/21	10:58:11
gridges6h@techcrunch.com	$293.89	16/03/21	14:48:52
rkreutzer6i@dell.com	$776.75	13/01/21	15:36:46
slaming6j@friendfeed.com	$492.31	09/03/21	08:03:53
awoof6k@tripod.com	$488.82	24/02/21	12:55:50
cmacaulay6l@usda.gov	$6.05	21/02/21	15:14:06
ogorling6m@bloomberg.com	$727.12	04/01/21	16:41:43
msackur6n@nature.com	$481.27	13/03/21	14:21:54
mcuredell6o@ameblo.jp	$669.96	21/02/21	04:10:54
ashears6p@mtv.com	$120.60	10/01/21	09:00:41
dwebling6q@redcross.org	$40.55	03/02/21	18:54:23
dcoie6r@vk.com	$507.24	03/04/21	15:45:47
clucchi6s@google.nl	$242.97	30/03/21	16:03:31
lcory6t@diigo.com	$90.70	05/04/21	16:44:42
fgianuzzi6u@shop-pro.jp	$547.41	19/01/21	11:10:40
kbiagioni6v@telegraph.co.uk	$461.22	09/04/21	04:22:05
lneedham6w@behance.net	$636.23	27/02/21	15:36:26
zbillitteri6x@zdnet.com	$81.05	22/03/21	23:49:56
iheinreich6y@fotki.com	$82.01	02/02/21	07:13:40
gcaush6z@cpanel.net	$317.13	25/03/21	22:15:48
npowner70@jugem.jp	$445.11	08/03/21	19:15:20
jcolwell71@google.ru	$777.47	25/02/21	17:52:02
gferroni72@squidoo.com	$653.95	30/03/21	14:48:21
dmanton73@skype.com	$524.42	23/03/21	11:42:40
cquig74@blogtalkradio.com	$92.78	13/01/21	07:14:00
gbraitling75@time.com	$482.27	27/03/21	14:32:09
erafter76@surveymonkey.com	$190.98	29/01/21	11:41:12
hgentil77@skype.com	$172.97	07/03/21	12:12:48
vdict78@plala.or.jp	$672.11	29/03/21	15:34:19
npipworth79@state.gov	$463.39	23/02/21	17:22:29
mverillo7a@newsvine.com	$788.98	09/04/21	23:33:07
ymorhall7b@aol.com	$340.75	03/01/21	16:58:16
swinscomb7c@upenn.edu	$39.37	15/01/21	11:36:36
bgaymar7d@google.pl	$507.64	16/02/21	14:38:24
zpeegrem7e@kickstarter.com	$428.84	06/04/21	17:30:43
vbrimblecomb7f@sourceforge.net	$308.39	15/01/21	06:06:20
ghassent7g@bloglines.com	$101.11	09/03/21	09:30:25
agrzeszczak7h@telegraph.co.uk	$765.59	18/01/21	09:22:08
ccarmen7i@odnoklassniki.ru	$715.41	24/02/21	19:03:10
ffeilden7j@linkedin.com	$655.37	25/03/21	07:49:00
dmccracken7k@ovh.net	$780.49	15/01/21	21:25:49
scarress7l@github.io	$698.69	31/03/21	11:07:42
cmitchard7m@apache.org	$196.43	04/01/21	10:52:02
fbrabyn7n@npr.org	$212.77	23/01/21	21:44:54
kcomins7o@mozilla.org	$744.35	05/02/21	09:32:10
bfeirn7p@ameblo.jp	$288.96	12/03/21	18:11:45
alehrle7q@cargocollective.com	$195.09	22/01/21	10:52:45
izanazzi7r@redcross.org	$605.04	24/03/21	16:07:09
hpucknell7s@npr.org	$68.24	28/01/21	06:38:18
lmalim7t@princeton.edu	$766.16	25/01/21	09:48:16
wsommerton7u@dmoz.org	$111.40	07/03/21	08:51:04
tbettis7v@usa.gov	$106.67	18/01/21	05:06:27
csircombe7w@nifty.com	$685.55	08/04/21	21:01:23
hglidden7x@bloglovin.com	$315.16	21/02/21	18:47:41
kshorto7y@nature.com	$339.30	01/04/21	20:03:10
gwelman7z@wisc.edu	$25.24	13/02/21	08:30:06
hrandle80@vimeo.com	$448.18	14/01/21	09:39:13
ghodgen81@redcross.org	$527.19	25/03/21	23:37:11
mstaley82@alibaba.com	$400.43	07/04/21	16:08:02
cpeniman83@sfgate.com	$549.66	17/03/21	14:04:43
alinscott84@cisco.com	$210.54	01/04/21	06:13:50
tsitford85@businesswire.com	$208.34	19/02/21	17:11:42
dmaletratt86@webs.com	$119.89	24/02/21	12:02:50
rnorwich87@phoca.cz	$165.06	03/02/21	13:53:34
ldales88@eepurl.com	$345.03	06/04/21	12:51:25
cburrus89@thetimes.co.uk	$678.65	08/04/21	15:54:03
rdagnan8a@wunderground.com	$600.81	14/01/21	23:34:07
jhakes8b@twitpic.com	$742.64	25/02/21	21:12:50
lteeney8c@barnesandnoble.com	$632.81	09/01/21	17:47:53
aferrea8d@privacy.gov.au	$735.42	08/03/21	09:06:23
jschulze8e@illinois.edu	$249.01	22/03/21	07:52:53
ghandforth8f@usda.gov	$296.89	18/02/21	23:31:28
rburstow8g@posterous.com	$166.28	08/01/21	20:58:44
cblanning8h@barnesandnoble.com	$340.19	28/03/21	07:26:23
aguinan8i@ed.gov	$763.74	05/02/21	12:51:00
pwhitnall8j@netvibes.com	$474.74	04/04/21	15:16:58
bwestwell8k@blogspot.com	$384.72	25/02/21	19:59:22
cbellany8l@scribd.com	$265.81	01/04/21	23:50:08
dnorthidge8m@upenn.edu	$619.34	09/02/21	06:02:01
kbranche8n@washington.edu	$130.11	27/02/21	06:32:10
sminer8o@ehow.com	$313.37	05/01/21	10:22:13
counsworth8p@gizmodo.com	$467.40	06/03/21	19:44:13
alucchi8q@berkeley.edu	$121.25	10/01/21	06:45:38
rmosconi8r@businessinsider.com	$212.00	19/03/21	21:24:23
hskypp8s@woothemes.com	$44.39	19/01/21	20:45:15
rheald8t@indiatimes.com	$213.51	04/04/21	21:09:00
gadamov8u@acquirethisname.com	$125.10	18/02/21	15:29:23
bjanousek8v@narod.ru	$355.92	16/01/21	15:42:02
slewis8w@domainmarket.com	$469.64	31/03/21	19:52:42
fmussolini8x@amazon.co.jp	$355.04	19/01/21	11:30:13
ggullis8y@friendfeed.com	$5.89	11/03/21	22:03:11
areily8z@harvard.edu	$435.98	23/01/21	14:19:05
nmaseres90@ning.com	$201.53	23/02/21	06:15:20
ableier91@nationalgeographic.com	$733.49	07/01/21	19:54:58
lcrambie92@ucoz.com	$595.22	20/03/21	08:02:28
ssurmanwells93@yale.edu	$94.92	23/03/21	20:43:58
jbogace94@google.ru	$171.83	16/01/21	12:44:36
sowers95@wired.com	$298.35	17/02/21	09:34:59
akiebes96@walmart.com	$613.22	14/01/21	04:35:03
asewley97@alexa.com	$478.14	20/03/21	18:26:09
apaice98@fastcompany.com	$127.25	13/03/21	06:21:50
syuill99@bbb.org	$155.32	24/01/21	13:02:27
pabrahams9a@geocities.com	$237.82	03/04/21	08:52:52
ahonack9b@gnu.org	$112.27	08/03/21	04:38:25
htofanelli9c@google.es	$91.99	04/01/21	08:22:50
rmarcombe9d@umich.edu	$662.57	28/02/21	06:56:58
clozano9e@pcworld.com	$555.01	09/04/21	08:49:16
aodrought9f@deviantart.com	$359.62	12/02/21	15:15:45
cmarzellano9g@wordpress.com	$711.79	09/03/21	13:55:10
mharrowsmith9h@ezinearticles.com	$312.02	10/01/21	13:58:03
lmacphee9i@qq.com	$296.13	10/02/21	04:31:51
rbussetti9j@nba.com	$584.82	13/02/21	18:55:52
vkitchenham9k@ustream.tv	$756.83	09/02/21	05:40:33
ajedrysik9l@amazon.co.uk	$333.94	07/04/21	16:21:15
cjordison9m@dion.ne.jp	$398.80	29/03/21	09:25:53
nvandevlies9n@csmonitor.com	$666.82	23/03/21	05:46:48
smccart9o@google.de	$704.67	27/01/21	13:09:58
iduffrie9p@patch.com	$355.73	09/04/21	15:26:39
fkalinovich9q@ox.ac.uk	$79.16	14/02/21	21:39:53
lnashe9r@tinyurl.com	$433.50	17/03/21	12:46:59
tsweeney9s@blogspot.com	$361.83	12/02/21	06:44:31
gtomsa9t@elegantthemes.com	$52.36	17/02/21	18:41:09
bdiver9u@hexun.com	$239.76	24/02/21	23:45:40
whinrichsen9v@dyndns.org	$754.99	28/01/21	12:13:24
mroselli9w@netscape.com	$141.53	24/01/21	14:55:56
ssalmen9x@free.fr	$10.91	09/04/21	22:28:27
deliez9y@usgs.gov	$270.57	18/01/21	21:39:18
mdamrel9z@tuttocitta.it	$111.93	07/01/21	22:45:31
bjendrassika0@i2i.jp	$626.80	06/03/21	05:58:13
lpordalla1@ibm.com	$30.19	31/01/21	17:50:07
kmacarthura2@wikispaces.com	$701.78	20/02/21	18:53:48
fkuppera3@webs.com	$616.60	31/01/21	06:26:24
cmccahilla4@slideshare.net	$497.25	07/01/21	12:38:04
pharma5@blogtalkradio.com	$455.09	08/02/21	04:37:03
cfelsteada6@diigo.com	$698.97	03/02/21	08:50:55
bregelousa7@yahoo.co.jp	$705.02	12/01/21	07:28:29
gloacha8@prlog.org	$43.23	09/04/21	18:48:13
trevensa9@xrea.com	$104.58	04/03/21	14:55:13
tbelleraa@symantec.com	$682.91	16/02/21	07:09:43
celvesab@altervista.org	$443.36	01/02/21	04:02:48
lvellacottac@illinois.edu	$110.91	14/03/21	12:23:53
bbottbyad@opera.com	$707.82	27/03/21	09:21:28
amurcottae@phpbb.com	$700.88	17/03/21	14:53:03
mannattaf@posterous.com	$670.78	26/02/21	19:38:02
dkembleag@statcounter.com	$335.40	09/02/21	12:21:44
strelevenah@umn.edu	$656.90	11/03/21	19:15:57
usigwardai@nymag.com	$83.42	07/04/21	08:43:49
rrothaj@theatlantic.com	$100.71	14/02/21	09:42:03
kcrathernak@github.io	$46.85	21/03/21	15:04:14
aotooleal@answers.com	$603.12	30/01/21	15:33:44
ldenormanvilleam@addtoany.com	$253.13	02/03/21	05:13:13
edegouyan@mapy.cz	$479.85	30/01/21	10:57:35
aspightao@aol.com	$657.09	20/01/21	21:22:35
tnorthcottap@army.mil	$759.63	10/02/21	12:39:13
qholmesaq@altervista.org	$100.62	24/02/21	05:43:57
gwildenar@ihg.com	$244.54	12/01/21	08:21:49
bteasdalemarkieas@eepurl.com	$11.22	14/01/21	10:19:35
tmacgregorat@furl.net	$466.50	09/02/21	04:55:45
wleivesleyau@cnbc.com	$173.06	16/02/21	13:17:12
apiertonav@networkadvertising.org	$492.77	18/01/21	13:14:57
cpoacheraw@twitter.com	$492.34	06/03/21	09:10:21
mironmongerax@friendfeed.com	$677.84	22/02/21	19:21:19
pjephcottay@ustream.tv	$141.77	26/03/21	20:12:43
emcglaudaz@indiegogo.com	$558.72	23/01/21	13:54:07
lstrafenb0@last.fm	$217.69	01/03/21	04:38:03
nodomb1@icq.com	$763.30	28/03/21	16:32:34
aduckworthb2@yelp.com	$156.87	10/01/21	05:16:32
cgerssamb3@livejournal.com	$632.18	23/01/21	09:55:16
lpawlaczykb4@facebook.com	$234.08	07/02/21	18:34:18
rmarmyonb5@plala.or.jp	$626.09	02/03/21	16:34:47
mbrookesbieb6@nbcnews.com	$350.89	29/03/21	07:59:54
pcallumb7@drupal.org	$59.23	04/04/21	19:26:42
ebraybrookeb8@nifty.com	$70.15	11/02/21	11:56:41
klivingstonb9@dyndns.org	$385.02	09/03/21	06:53:26
rzukermanba@webs.com	$69.34	10/02/21	19:55:12
amayzesbb@seattletimes.com	$629.00	26/03/21	21:06:09
chatchardbc@arizona.edu	$255.82	04/01/21	23:31:06
jdalinderbd@last.fm	$370.33	19/03/21	05:50:17
jgodingbe@intel.com	$286.83	30/03/21	09:43:47
upidginbf@infoseek.co.jp	$530.43	20/01/21	05:04:05
aantyshevbg@who.int	$5.34	30/01/21	16:49:05
hhairesnapebh@forbes.com	$387.73	23/02/21	23:05:31
tspositobi@xing.com	$217.31	22/01/21	18:40:32
jdockseybj@amazonaws.com	$605.60	21/03/21	12:16:16
adreverbk@storify.com	$468.61	27/02/21	09:02:50
mputterillbl@linkedin.com	$302.29	04/04/21	21:40:42
aparffreybm@phpbb.com	$71.43	18/02/21	08:43:05
ebeakebn@narod.ru	$662.97	05/03/21	20:08:12
mfriedbo@techcrunch.com	$55.62	31/01/21	17:45:39
ckarlssonbp@opensource.org	$448.67	20/01/21	13:01:35
ecullitybq@go.com	$23.76	25/03/21	13:27:57
amelburgbr@flavors.me	$639.83	21/02/21	04:38:20
tcobleybs@elegantthemes.com	$685.52	07/04/21	15:40:57
kbarthelmebt@e-recht24.de	$401.92	14/01/21	05:17:34
pwyllisbu@huffingtonpost.com	$305.66	30/03/21	23:55:44
pposselbv@friendfeed.com	$501.47	05/03/21	13:46:12
chegleybw@cnet.com	$726.75	03/04/21	05:58:04
bwoodesbx@ezinearticles.com	$202.79	27/03/21	07:59:06
vsaxelbyby@blogger.com	$350.92	30/01/21	20:45:29
jbanatbz@miibeian.gov.cn	$410.41	22/02/21	15:42:02
escuttc0@jiathis.com	$707.28	09/04/21	22:25:43
cestcotc1@hubpages.com	$583.54	09/01/21	12:01:05
cfarrisc2@pinterest.com	$148.64	15/03/21	15:32:32
kpeartc3@dion.ne.jp	$448.00	19/02/21	15:49:06
bsegoec4@prnewswire.com	$169.15	08/03/21	19:42:40
hoverilc5@posterous.com	$147.58	18/02/21	16:30:41
asnaryc6@toplist.cz	$618.43	24/01/21	12:24:39
amaniloc7@unicef.org	$535.35	25/03/21	09:40:32
amedleyc8@furl.net	$460.56	13/02/21	08:11:24
blepopec9@cyberchimps.com	$282.87	01/04/21	20:11:01
sstoffelca@ucsd.edu	$657.33	08/02/21	20:03:14
ddawburycb@addtoany.com	$706.96	26/01/21	05:05:53
rgerranscc@networksolutions.com	$183.24	09/03/21	21:34:33
fballingercd@webnode.com	$759.08	17/02/21	21:35:51
lmcmoniesce@eventbrite.com	$595.61	27/03/21	07:31:59
akobielacf@cafepress.com	$401.06	22/02/21	08:16:40
sminniscg@shinystat.com	$88.15	25/02/21	12:19:53
mbolithoch@microsoft.com	$521.84	25/01/21	13:50:30
adeningtonci@oaic.gov.au	$9.84	24/01/21	15:24:33
asandelandcj@altervista.org	$114.98	05/01/21	17:07:37
vcullumck@upenn.edu	$221.43	09/03/21	17:12:07
eanthonacl@slate.com	$167.07	01/01/21	14:00:06
sseviercm@google.cn	$615.58	10/02/21	22:04:48
smarkeycn@abc.net.au	$467.77	11/02/21	22:53:28
sseeborneco@altervista.org	$584.00	09/02/21	23:49:29
abalaisotcp@netlog.com	$178.63	15/01/21	19:49:01
pgriegercq@spotify.com	$300.51	08/02/21	19:53:30
bmelpusscr@macromedia.com	$376.40	06/01/21	23:58:46
ocarslakecs@theguardian.com	$719.72	15/03/21	20:15:22
gvlahosct@sphinn.com	$277.11	07/02/21	21:31:26
bsothebycu@noaa.gov	$538.17	04/02/21	10:31:43
lseymercv@virginia.edu	$654.06	07/03/21	17:50:16
bpepiscw@yahoo.com	$512.76	15/03/21	15:44:53
alowellcx@upenn.edu	$67.06	30/01/21	08:47:19
dketleycy@cnn.com	$174.10	28/03/21	18:17:18
mirwincz@google.co.jp	$482.90	06/04/21	11:27:40
dbarzd0@mail.ru	$313.55	09/04/21	23:41:28
rtearnyd1@instagram.com	$127.73	25/03/21	05:32:23
lkitchersided2@facebook.com	$440.27	13/02/21	21:34:56
kdurbynd3@blogs.com	$195.72	01/03/21	04:34:01
etillertond4@prweb.com	$95.08	17/03/21	15:52:56
cmcallasterd5@yolasite.com	$154.08	19/01/21	06:07:46
wbengochead6@pbs.org	$95.90	26/01/21	15:59:33
scohend7@jugem.jp	$440.69	26/01/21	04:20:43
ltorbeckd8@nba.com	$721.45	04/02/21	05:42:08
rmccullend9@nps.gov	$506.12	13/01/21	06:09:17
gevelynda@senate.gov	$140.32	23/01/21	10:23:50
ogaineofenglanddb@goo.ne.jp	$40.57	17/02/21	22:19:23
havarnedc@barnesandnoble.com	$747.79	01/01/21	18:26:53
dcanepedd@upenn.edu	$497.07	08/04/21	17:20:55
aarchdecknede@jigsy.com	$380.64	23/03/21	07:01:00
fsiemandldf@flickr.com	$303.63	12/03/21	23:23:42
emcwhorterdg@nydailynews.com	$240.57	23/01/21	14:18:46
kmessagedh@cafepress.com	$540.30	11/03/21	23:50:25
bgarbottdi@booking.com	$741.88	24/01/21	08:21:02
adurtneldj@toplist.cz	$163.50	06/04/21	05:15:27
ydaughtondk@gravatar.com	$651.64	22/02/21	09:33:01
hrobleydl@newyorker.com	$159.31	06/02/21	15:16:15
gflahydm@ocn.ne.jp	$28.98	24/03/21	12:50:17
arodenhurstdn@wiley.com	$304.87	11/01/21	20:22:30
eharpindo@moonfruit.com	$688.23	15/03/21	10:03:51
rschurichtdp@artisteer.com	$738.34	16/03/21	20:27:39
gliebermanndq@mapquest.com	$277.13	21/01/21	05:16:17
wlittefairdr@hibu.com	$586.58	20/03/21	21:55:53
mmackonochieds@slate.com	$241.82	02/04/21	15:10:02
gtrotterdt@newyorker.com	$687.36	27/01/21	16:39:52
abearedu@discuz.net	$121.74	15/03/21	17:32:55
sdytondv@mashable.com	$377.46	07/01/21	22:30:53
lodgaarddw@amazonaws.com	$408.30	10/02/21	09:38:38
jwaylendx@go.com	$406.64	01/01/21	18:58:37
alenahandy@pinterest.com	$635.89	06/02/21	21:44:57
jfulbrookdz@mediafire.com	$296.00	07/04/21	13:37:22
ekernermanne0@nbcnews.com	$433.14	10/01/21	19:45:30
pmacgille1@jimdo.com	$440.87	06/03/21	22:14:38
fmichiele2@salon.com	$316.26	21/03/21	19:06:34
btweddelle3@state.tx.us	$505.80	25/02/21	16:31:00
lmillsape4@hostgator.com	$558.58	28/01/21	05:28:19
cdillingstonee5@hc360.com	$623.23	07/02/21	14:02:49
hscotchmoree6@springer.com	$458.32	30/03/21	20:21:18
bcollse7@pcworld.com	$565.45	27/01/21	23:19:47
ahendrickxe8@cloudflare.com	$176.29	10/01/21	07:15:41
pquigleye9@ehow.com	$483.60	25/01/21	09:11:59
shickfordea@mashable.com	$576.92	28/02/21	19:51:05
lthireaueb@yale.edu	$239.89	10/03/21	05:08:29
smazziaec@cbsnews.com	$768.97	02/02/21	05:15:54
gtilsoned@mashable.com	$628.63	04/01/21	05:09:28
tfaceee@privacy.gov.au	$306.69	24/01/21	07:12:37
gclelandef@springer.com	$639.94	08/03/21	12:38:40
lsaltsbergeg@youku.com	$570.10	06/04/21	10:53:56
rdaughtryeh@amazon.co.jp	$795.34	05/04/21	04:06:43
scorradengoei@alexa.com	$57.97	09/01/21	11:57:03
witzkovej@printfriendly.com	$463.64	23/01/21	12:33:09
swhittierek@wordpress.org	$123.44	18/02/21	08:19:34
mmacalindenel@godaddy.com	$707.46	28/01/21	20:32:54
epoffem@thetimes.co.uk	$75.72	12/01/21	22:13:38
gbeadeen@discuz.net	$307.70	04/04/21	14:08:50
jmelsomeo@goo.ne.jp	$181.76	09/04/21	19:23:52
lmeadusep@smugmug.com	$152.19	18/01/21	09:02:38
dsieureq@hud.gov	$676.24	05/01/21	16:21:28
vdoggarter@foxnews.com	$660.93	21/03/21	13:06:07
jstrognelles@biglobe.ne.jp	$467.32	14/01/21	09:17:41
mfordeet@yolasite.com	$208.38	04/04/21	08:59:01
askallyeu@quantcast.com	$462.02	16/03/21	09:46:08
sdeverehuntev@cafepress.com	$489.07	04/04/21	10:35:06
ifacherew@narod.ru	$522.23	08/01/21	13:53:43
dtimlettex@newyorker.com	$614.23	31/03/21	05:22:50
odubarryey@cam.ac.uk	$682.22	18/01/21	18:35:35
fthomez@last.fm	$466.66	27/02/21	14:39:43
njewsonf0@hugedomains.com	$398.81	22/03/21	13:38:30
febbinsf1@smugmug.com	$461.92	27/01/21	06:45:52
pgrayshanf2@slate.com	$211.56	22/01/21	23:27:40
jdevillef3@nytimes.com	$309.36	06/04/21	04:52:38
bpollief4@purevolume.com	$404.41	25/02/21	05:35:35
foldfordf5@umich.edu	$412.76	12/02/21	05:29:10
glahyf6@google.es	$184.22	11/03/21	17:21:52
awalesbyf7@photobucket.com	$162.57	13/03/21	14:55:17
ableasdillef8@rediff.com	$574.31	17/01/21	21:20:16
jislepf9@indiegogo.com	$335.44	07/03/21	17:21:13
rshutlefa@cmu.edu	$190.31	04/03/21	22:57:58
mkibelfb@cargocollective.com	$110.76	13/03/21	22:56:35
dsponerfc@opensource.org	$178.41	14/03/21	17:06:06
anordassfd@reddit.com	$245.28	06/04/21	15:13:25
bbaxstarefe@amazonaws.com	$719.44	24/01/21	06:12:00
cjansensff@fda.gov	$536.98	09/04/21	09:01:45
credfernefg@usnews.com	$508.31	27/03/21	18:13:39
restickfh@japanpost.jp	$534.10	01/04/21	23:48:27
dnozzoliniifi@bigcartel.com	$478.19	01/04/21	07:55:04
jgleadhellfj@bbb.org	$350.74	10/01/21	17:32:47
mpendryfk@vinaora.com	$437.65	30/03/21	13:25:17
ethurmanfl@virginia.edu	$301.63	21/01/21	06:30:53
pbalchenfm@wix.com	$120.06	27/02/21	23:23:55
wbolderoefn@ftc.gov	$598.75	13/02/21	13:32:28
akenninghamfo@xing.com	$306.74	22/03/21	09:38:53
cprowsefp@hugedomains.com	$200.06	05/01/21	15:26:08
kbantonfq@shareasale.com	$770.10	13/01/21	04:23:16
phillhousefr@ft.com	$462.96	06/02/21	06:59:14
jmarlowfs@tmall.com	$708.72	07/04/21	11:26:13
alemarchandft@cocolog-nifty.com	$469.03	06/02/21	22:21:43
abarreaufu@opensource.org	$180.59	14/02/21	18:01:11
aperotfv@goo.gl	$402.80	19/01/21	20:20:07
wprobertfw@simplemachines.org	$128.18	18/02/21	12:48:32
sklimushevfx@google.es	$777.37	13/01/21	05:58:31
hwayefy@telegraph.co.uk	$286.41	27/03/21	14:11:47
wiacovuzzifz@webnode.com	$72.88	01/01/21	06:30:50
gfilyukovg0@digg.com	$348.12	04/02/21	10:57:16
molifauntg1@house.gov	$402.79	24/01/21	11:40:29
nweatherellg2@examiner.com	$168.41	11/02/21	14:42:55
ggiraudelg3@china.com.cn	$267.96	05/02/21	11:01:27
bcoitg4@discuz.net	$439.93	01/04/21	14:00:50
dbriscog5@blinklist.com	$141.99	06/01/21	05:24:00
cerrigog6@e-recht24.de	$784.91	18/01/21	05:52:57
gclearsg7@house.gov	$730.67	12/02/21	11:48:46
dgraybealg8@flickr.com	$65.93	20/02/21	23:27:16
sphillimoreg9@virginia.edu	$135.60	02/03/21	19:42:16
jrodearga@mac.com	$210.95	08/04/21	18:18:29
lhallamgb@sciencedaily.com	$737.69	23/01/21	16:28:06
obourrelgc@google.ca	$705.88	05/04/21	18:38:45
mmongergd@1688.com	$307.36	11/02/21	17:17:44
ggalletlyge@paginegialle.it	$585.85	07/03/21	13:01:44
tmchaffygf@sogou.com	$730.01	25/01/21	20:35:07
osprakesgg@prweb.com	$516.75	06/01/21	09:36:01
mfeeherygh@globo.com	$758.43	08/04/21	21:00:14
jmarchelligi@sphinn.com	$638.11	27/03/21	07:40:28
gelgeygj@go.com	$278.52	18/02/21	10:09:57
kmillikengk@ow.ly	$259.04	16/01/21	16:12:20
eeskrigggl@blogtalkradio.com	$304.75	10/03/21	12:07:24
egingergm@people.com.cn	$1.00	03/01/21	14:00:55
dpietergn@rambler.ru	$126.15	09/03/21	09:46:25
rhedmango@sohu.com	$51.17	16/01/21	12:27:10
lperonegp@bravesites.com	$16.60	19/01/21	21:39:22
ramburgygq@census.gov	$227.17	02/03/21	16:06:25
srusegr@wsj.com	$170.28	22/01/21	17:33:31
lglassmangs@dell.com	$18.89	21/03/21	13:41:46
coffordgt@yandex.ru	$480.25	06/04/21	08:08:24
jeadmeadgu@ucoz.com	$109.22	05/03/21	22:28:07
wguerragv@exblog.jp	$593.63	06/03/21	13:03:16
cdanseygw@cbslocal.com	$563.23	29/03/21	10:56:14
anutleygx@alibaba.com	$331.74	22/03/21	12:53:09
jlauritzengy@yahoo.com	$503.52	05/03/21	17:09:50
cpetegreegz@amazonaws.com	$549.85	07/03/21	12:35:28
jdankersleyh0@barnesandnoble.com	$298.32	24/01/21	08:53:49
fneweyh1@hud.gov	$796.56	25/02/21	15:01:49
tturbillh2@cnbc.com	$60.58	11/01/21	10:41:40
mduligalh3@technorati.com	$616.11	26/01/21	07:02:18
gmacgillaveryh4@flickr.com	$620.07	09/04/21	14:56:43
qhawsh5@businesswire.com	$431.95	07/02/21	04:21:51
ahankeyh6@youku.com	$89.45	23/01/21	12:13:47
lconnaughtonh7@walmart.com	$511.84	07/04/21	23:43:10
kmordanh8@yellowbook.com	$144.90	18/01/21	17:31:34
mgibbingsh9@clickbank.net	$467.44	30/01/21	09:07:41
eburfordha@addthis.com	$134.66	19/02/21	14:34:39
rbarbierhb@zimbio.com	$577.39	18/02/21	16:24:11
edellcasahc@google.com.hk	$724.04	18/03/21	17:59:05
rgrindleyhd@utexas.edu	$234.97	20/02/21	15:12:42
msoldnerhe@newyorker.com	$46.88	12/03/21	07:07:47
ndivishf@booking.com	$454.62	19/02/21	05:18:12
lwonghg@livejournal.com	$48.86	28/03/21	17:24:26
kclemenconhh@craigslist.org	$555.74	27/01/21	14:15:44
cstlegerhi@nationalgeographic.com	$680.99	31/01/21	09:36:28
kfearensidehj@blogger.com	$68.37	30/01/21	16:31:41
schinneryhk@craigslist.org	$652.63	26/03/21	12:34:11
gbutnerhl@dailymail.co.uk	$143.29	04/03/21	11:53:50
nfirsbyhm@accuweather.com	$136.47	01/02/21	11:35:33
meckersallhn@who.int	$478.15	09/02/21	16:05:37
adiniscoho@dot.gov	$538.82	23/03/21	18:57:36
lworlockhp@plala.or.jp	$738.07	19/02/21	13:11:09
fjacobowitshq@admin.ch	$501.84	31/01/21	11:44:51
akehirhr@salon.com	$794.39	11/01/21	22:35:19
ctiffanyhs@i2i.jp	$98.40	16/02/21	11:50:52
sgregoriouht@time.com	$369.98	26/03/21	11:55:13
jmahonhu@cafepress.com	$462.68	14/01/21	15:26:07
wkondratovichhv@shutterfly.com	$365.08	25/03/21	07:37:29
ddockwrayhw@pen.io	$316.53	05/02/21	22:07:42
dcherriehx@prweb.com	$153.17	04/02/21	08:05:52
jcornuauhy@xing.com	$451.87	07/04/21	14:31:44
bstebbinghz@blogger.com	$235.97	10/03/21	05:10:15
tgerckeni0@google.ca	$373.88	21/02/21	11:42:28
mkedwardi1@dion.ne.jp	$320.45	07/04/21	05:34:04
mtebbitti2@google.ca	$358.91	27/02/21	09:49:02
rblinti3@devhub.com	$584.38	24/03/21	13:25:32
ibythwayi4@cloudflare.com	$373.48	06/01/21	13:49:07
hhankardi5@163.com	$624.75	11/01/21	22:23:28
jsamueli6@prnewswire.com	$315.11	09/04/21	21:18:17
gofergusi7@house.gov	$223.66	10/03/21	04:48:16
mickovitzi8@netscape.com	$471.35	12/02/21	07:08:16
pdavidi9@patch.com	$418.37	14/02/21	16:29:50
mlambleia@imageshack.us	$738.45	15/01/21	06:18:24
jdaytonib@networksolutions.com	$281.91	29/03/21	10:28:14
jharrinsonic@ameblo.jp	$735.47	05/04/21	21:09:34
mlewerid@t.co	$655.32	06/02/21	22:36:45
jgolthorppie@wix.com	$555.20	10/02/21	04:20:05
blaiseif@posterous.com	$413.10	06/01/21	20:35:24
jborlandig@list-manage.com	$501.36	16/03/21	18:14:47
patterih@odnoklassniki.ru	$320.88	28/03/21	14:21:13
jthorii@slate.com	$320.34	19/03/21	11:56:29
xjachimczakij@feedburner.com	$234.38	12/01/21	20:59:48
fdutteridgeik@clickbank.net	$568.92	18/02/21	18:49:23
lwidmooril@parallels.com	$452.14	15/03/21	05:52:02
kdaleim@disqus.com	$251.05	05/04/21	08:14:09
gboldenin@wp.com	$542.71	04/03/21	16:06:56
nwhetlandio@bravesites.com	$648.80	14/02/21	14:35:21
dmatthisip@auda.org.au	$211.65	16/02/21	15:59:50
ysherwoodiq@sciencedaily.com	$240.27	05/03/21	10:22:11
pdefraineir@aboutads.info	$521.17	11/01/21	06:27:12
scrownis@ovh.net	$773.10	04/02/21	09:40:22
ebysouthit@nyu.edu	$723.35	23/02/21	23:38:55
ivannoortiu@home.pl	$661.14	26/02/21	04:55:29
sjentgesiv@psu.edu	$226.39	07/03/21	14:41:29
bfowkesiw@ow.ly	$161.43	08/02/21	12:15:21
kmatasovix@mayoclinic.com	$347.43	23/02/21	05:03:48
bmurfilliy@washingtonpost.com	$494.08	19/01/21	21:51:53
bgeneseiz@yelp.com	$259.61	05/02/21	20:27:52
iphizacleaj0@auda.org.au	$398.82	26/02/21	16:00:39
rshanksj1@mayoclinic.com	$624.67	11/01/21	05:03:55
csallanj2@plala.or.jp	$746.83	16/03/21	19:28:34
ctuftsj3@sphinn.com	$445.80	31/01/21	18:18:20
taubrij4@dyndns.org	$49.00	31/01/21	10:59:06
ngoraccij5@xinhuanet.com	$627.85	09/03/21	05:10:25
kruslingj6@hhs.gov	$490.41	31/01/21	11:49:01
tboulstridgej7@lycos.com	$565.37	17/02/21	11:25:29
esuerzj8@symantec.com	$641.97	01/02/21	18:10:20
rhadrillj9@slashdot.org	$57.34	04/02/21	05:52:46
kguerrazzija@admin.ch	$437.81	23/02/21	16:59:21
dtiernyjb@fotki.com	$244.89	26/03/21	05:18:40
vcrabbejc@blogger.com	$750.92	05/03/21	13:24:20
lkalkerjd@google.com	$213.13	25/02/21	12:16:06
jhothersallje@dailymotion.com	$334.17	02/02/21	17:42:33
wrennoxjf@time.com	$156.21	19/03/21	20:36:03
mkonmannjg@forbes.com	$109.31	15/02/21	12:23:58
sgooddingjh@themeforest.net	$135.88	10/01/21	05:44:24
ckeyzmanji@newyorker.com	$640.39	24/03/21	23:27:02
soslarjj@bing.com	$276.26	03/01/21	04:29:34
gpursejk@columbia.edu	$410.60	27/01/21	22:34:13
bsexstonejl@google.ca	$155.68	21/03/21	21:20:17
thubeauxjm@e-recht24.de	$76.56	05/03/21	04:16:17
cbearcroftjn@4shared.com	$564.15	03/02/21	19:19:03
kcamiliojo@joomla.org	$81.80	12/02/21	04:12:21
kbrabinjp@state.tx.us	$665.11	12/02/21	22:55:08
jbruckenthaljq@unblog.fr	$129.52	31/03/21	23:37:52
jmattiolijr@ocn.ne.jp	$45.46	01/03/21	08:54:55
cduxbarryjs@slideshare.net	$706.22	28/01/21	08:02:05
rtyddjt@spiegel.de	$477.58	08/04/21	08:05:01
flohrensenju@cafepress.com	$438.82	10/02/21	08:08:27
fpughsleyjv@paginegialle.it	$529.97	15/02/21	07:12:42
rhumberstonejw@cam.ac.uk	$246.41	03/04/21	09:07:51
kbrabbenjx@merriam-webster.com	$68.24	03/02/21	05:24:11
charlejy@cbslocal.com	$29.51	07/03/21	10:07:53
emattersleyjz@etsy.com	$526.17	27/01/21	05:02:10
kbauducciok0@sina.com.cn	$768.52	25/03/21	06:36:28
rtoopek1@github.com	$553.62	13/01/21	09:59:15
rnormabellk2@bbc.co.uk	$18.83	20/03/21	12:35:48
dhalek3@newyorker.com	$161.86	09/01/21	20:47:51
vstringfellowk4@washington.edu	$359.37	26/01/21	10:27:24
ahovellk5@digg.com	$358.27	26/02/21	17:54:15
gcromackk6@creativecommons.org	$244.06	12/01/21	08:13:49
eoubridgek7@seesaa.net	$270.55	25/03/21	07:28:51
zimmsk8@timesonline.co.uk	$173.04	08/02/21	11:34:53
sspeckk9@hhs.gov	$394.72	26/03/21	12:28:59
fbendallka@shop-pro.jp	$176.68	01/03/21	16:02:23
fhoveykb@oakley.com	$349.52	19/02/21	11:38:10
tmateuskc@stumbleupon.com	$568.17	08/04/21	15:22:20
lsinneykd@addthis.com	$451.44	03/03/21	15:42:24
aandreottike@cbc.ca	$389.58	15/02/21	11:22:20
abonifantkf@xinhuanet.com	$540.20	08/03/21	19:40:29
bthomkinskg@geocities.com	$9.18	19/02/21	21:32:44
bbrookeskh@indiegogo.com	$413.50	21/03/21	06:06:58
sespositoki@t.co	$497.73	29/03/21	22:15:01
gsantacrolekj@wired.com	$128.05	03/03/21	15:01:51
cpepikk@unc.edu	$293.03	22/01/21	05:01:04
pkivelhankl@tiny.cc	$575.34	14/02/21	22:00:36
ccherringtonkm@paypal.com	$681.05	13/02/21	23:11:42
jfeatherstonehaughkn@google.fr	$39.65	04/04/21	05:37:14
lsetteringtonko@fotki.com	$524.77	19/03/21	16:08:49
akondratenkokp@earthlink.net	$762.29	08/04/21	04:31:22
mserginsonkq@nyu.edu	$621.92	13/02/21	08:41:46
ltreebykr@sakura.ne.jp	$783.21	23/03/21	17:15:36
gfrostickks@mediafire.com	$550.13	11/01/21	12:16:11
nsiderykt@huffingtonpost.com	$528.09	11/03/21	05:57:36
scossarku@symantec.com	$444.44	10/02/21	15:01:55
svasekv@altervista.org	$100.97	01/03/21	04:06:48
igoodletkw@prweb.com	$187.93	23/03/21	17:32:33
jchingedehalskx@squidoo.com	$456.50	20/03/21	15:00:33
cgarfieldky@slideshare.net	$414.77	11/01/21	23:14:12
tshakeladekz@uiuc.edu	$464.02	12/02/21	14:13:03
adoyl0@qq.com	$19.78	17/02/21	11:17:07
cfeganl1@howstuffworks.com	$402.14	23/01/21	20:10:46
gburdenl2@netvibes.com	$96.41	05/02/21	15:12:32
lmccallisterl3@usnews.com	$148.20	06/01/21	06:18:35
zwiginl4@businesswire.com	$534.19	11/02/21	14:30:49
jkerinl5@sciencedaily.com	$691.25	19/01/21	04:42:17
pwiburnl6@si.edu	$276.49	13/02/21	15:48:46
kblackeyl7@nba.com	$334.50	10/01/21	22:48:49
llippettl8@etsy.com	$148.59	02/02/21	08:07:25
dedgesonl9@prnewswire.com	$448.45	09/04/21	07:49:03
wbandela@lycos.com	$242.06	27/01/21	12:10:28
ddrachelb@scribd.com	$584.22	04/01/21	21:48:38
odanislc@ted.com	$589.20	13/02/21	17:13:22
rformoyld@sun.com	$125.53	10/03/21	16:21:17
cmuskerle@wikia.com	$53.65	10/03/21	20:19:29
acogleylf@dailymotion.com	$51.85	13/03/21	17:37:12
areubellg@hc360.com	$494.00	04/04/21	21:43:37
wjeramlh@npr.org	$566.62	27/03/21	08:15:25
jmoodieli@tuttocitta.it	$491.22	03/01/21	13:07:50
dvaleklj@comsenz.com	$733.57	17/03/21	17:04:27
jboddicelk@digg.com	$736.31	27/02/21	08:55:09
dgarmansll@hatena.ne.jp	$290.18	23/03/21	21:02:34
sbridelm@indiegogo.com	$383.80	17/01/21	20:41:58
cdoyleyln@bigcartel.com	$356.61	15/02/21	16:14:48
dcrofthwaitelo@elegantthemes.com	$763.00	04/03/21	14:06:09
jgallelp@vk.com	$593.14	06/03/21	09:07:43
flanderslq@friendfeed.com	$304.14	27/01/21	13:45:59
iaslinlr@sogou.com	$413.80	06/01/21	08:14:23
wgandeyls@naver.com	$151.43	13/03/21	07:52:00
cmcknielylt@engadget.com	$531.85	01/03/21	20:21:27
ddedericklu@addtoany.com	$131.65	15/02/21	19:22:47
amusicolv@skype.com	$70.05	11/01/21	19:06:43
emacksteadlw@illinois.edu	$616.73	31/03/21	17:38:07
efalloonlx@gravatar.com	$29.60	03/01/21	08:40:26
bkettlestingly@businessweek.com	$53.24	01/02/21	14:04:21
wlaxtonnelz@wikia.com	$531.15	08/03/21	17:07:10
avedenisovm0@time.com	$684.37	07/04/21	12:42:13
teudallm1@nyu.edu	$709.33	27/02/21	23:11:42
handreevm2@surveymonkey.com	$680.25	14/02/21	18:11:30
lamosm3@photobucket.com	$606.84	11/01/21	10:46:24
gbradburnm4@marriott.com	$674.47	11/03/21	20:16:15
uforsdykem5@photobucket.com	$369.42	05/01/21	09:12:51
gbelbinm6@senate.gov	$467.90	23/03/21	21:17:50
rbattlestonem7@360.cn	$5.00	29/03/21	11:22:28
eniemiecm8@ucoz.ru	$629.00	03/04/21	05:48:33
jloftsm9@ovh.net	$595.70	12/02/21	14:46:57
kkemetzma@google.nl	$256.55	14/03/21	13:49:32
fdunnettmb@opensource.org	$310.39	04/03/21	15:11:49
rbenedickmc@businesswire.com	$278.66	20/02/21	13:06:18
epethybridgemd@woothemes.com	$445.92	13/01/21	04:15:13
emahonme@seattletimes.com	$629.43	17/01/21	13:22:45
tdeathmf@weather.com	$168.10	07/03/21	22:58:23
snowillmg@goodreads.com	$80.79	21/01/21	19:19:55
cmaudittmh@oakley.com	$714.08	26/01/21	15:35:29
rambrozewiczmi@who.int	$144.59	05/04/21	09:07:16
ctomczykowskimj@hostgator.com	$755.72	23/01/21	10:08:28
atrodlermk@istockphoto.com	$582.34	02/02/21	20:25:58
wioriml@yahoo.co.jp	$298.19	20/03/21	19:42:08
cthomsenmm@examiner.com	$271.89	09/04/21	18:07:07
cclaringboldmn@clickbank.net	$398.64	21/02/21	17:43:52
awoodmanmo@gizmodo.com	$106.35	21/03/21	10:30:03
nsouthornmp@ebay.com	$722.14	02/04/21	23:03:54
psurgenormq@freewebs.com	$313.07	15/02/21	07:51:02
kweadickmr@wiley.com	$484.19	06/01/21	21:27:06
tfairecloughms@tripod.com	$457.20	24/01/21	17:10:58
mbeekenmt@unblog.fr	$759.80	05/02/21	04:18:02
koshesnanmu@hugedomains.com	$289.80	15/03/21	07:27:45
kbruckmanmv@so-net.ne.jp	$49.52	15/01/21	14:11:59
mbrockherstmw@imgur.com	$244.95	08/03/21	13:34:45
ceastburymx@hp.com	$294.12	05/04/21	18:51:30
lskacelmy@photobucket.com	$156.14	03/04/21	17:00:40
gcridgemz@pen.io	$603.11	16/02/21	21:53:25
gmatuskiewiczn0@ox.ac.uk	$757.76	25/02/21	19:31:19
bplevinn1@hhs.gov	$118.93	08/04/21	21:25:55
mwickershamn2@engadget.com	$460.61	10/01/21	17:05:46
ljudkinn3@cnn.com	$205.16	12/02/21	07:10:02
aidneyn4@mayoclinic.com	$247.69	08/03/21	20:19:31
kmckeaveneyn5@washingtonpost.com	$503.76	28/02/21	07:23:37
rputsonn6@nbcnews.com	$309.37	17/02/21	12:24:55
abennenn7@tumblr.com	$653.24	15/01/21	14:38:48
ceglaisen8@taobao.com	$535.52	03/04/21	06:10:17
mdisleen9@ocn.ne.jp	$460.16	05/01/21	19:41:32
flampingna@goo.gl	$606.50	07/04/21	09:45:38
apauluzzinb@intel.com	$261.15	21/03/21	08:09:47
jsorbienc@arstechnica.com	$759.89	31/03/21	08:42:57
ldelagnesnd@stumbleupon.com	$727.11	04/04/21	16:39:42
gsemperne@netlog.com	$196.54	26/02/21	05:05:33
earnoudnf@prweb.com	$45.74	14/01/21	20:26:29
fmissingtonng@loc.gov	$149.92	26/03/21	07:41:07
amonerynh@chronoengine.com	$194.81	12/02/21	06:27:21
gdivinyni@go.com	$460.69	24/01/21	18:52:57
gocainenj@google.es	$362.05	23/03/21	14:25:05
kcronenk@ca.gov	$240.54	29/01/21	08:12:14
lrivallantnl@xing.com	$788.95	22/03/21	09:31:44
hbenettininm@soup.io	$331.98	16/01/21	10:23:16
rhurrellnn@usatoday.com	$348.49	25/02/21	21:56:56
nherleyno@discuz.net	$35.40	08/03/21	22:01:10
wmunceynp@yellowpages.com	$694.73	13/03/21	04:11:51
sgodrichnq@google.it	$574.59	22/01/21	16:37:13
kemanuellinr@mysql.com	$252.64	14/02/21	21:53:21
nalesns@woothemes.com	$465.25	09/02/21	13:01:33
bfieldsendnt@woothemes.com	$392.18	22/01/21	22:19:07
haubrynu@wufoo.com	$638.14	25/01/21	20:50:26
vmatusnv@gmpg.org	$632.76	30/01/21	13:38:16
gridsdolenw@usnews.com	$346.98	05/02/21	20:45:56
pthelwllnx@house.gov	$141.85	19/02/21	17:29:42
ataffeny@163.com	$296.21	05/02/21	05:47:55
lskermannz@yahoo.co.jp	$453.85	12/01/21	15:54:01
kfarreo0@dailymotion.com	$193.96	27/02/21	17:24:19
tshoesmitho1@usnews.com	$53.42	07/01/21	09:53:54
cibbetsono2@cafepress.com	$62.30	26/03/21	11:33:11
irostrono3@google.ru	$244.74	25/03/21	07:11:56
cpuddicombeo4@howstuffworks.com	$785.90	26/02/21	23:10:52
kliebero5@discovery.com	$13.20	09/02/21	06:51:35
mkoberao6@fc2.com	$49.48	02/02/21	09:34:36
rollarenshawo7@jigsy.com	$308.38	30/03/21	09:42:12
klaughlino8@altervista.org	$502.51	27/02/21	05:39:00
nstortono9@stanford.edu	$71.59	03/04/21	09:34:54
cleonardeoa@telegraph.co.uk	$479.11	03/01/21	05:57:21
cdeasonob@samsung.com	$271.87	16/01/21	06:14:39
ajeanoc@alexa.com	$161.07	02/04/21	10:42:48
jjamotod@networksolutions.com	$79.90	07/02/21	09:15:37
afrancisoe@discovery.com	$345.56	28/01/21	20:22:13
jcrampsyof@ning.com	$753.04	19/01/21	22:36:49
rcumminsog@rediff.com	$331.41	09/01/21	23:29:59
cbottomeroh@bloglines.com	$481.01	05/03/21	12:57:44
dpedderoi@google.pl	$447.67	08/04/21	10:38:10
msallanoj@vinaora.com	$330.58	11/02/21	22:25:14
rjanuszkiewiczok@merriam-webster.com	$675.52	18/01/21	21:19:08
sklosterol@biglobe.ne.jp	$324.74	14/03/21	08:55:54
kcaushom@about.me	$647.63	11/02/21	17:41:20
fbodellon@about.com	$443.63	28/03/21	19:41:00
rinettoo@buzzfeed.com	$397.67	22/01/21	09:22:29
aroebyop@japanpost.jp	$595.04	14/03/21	18:06:02
uabelloq@topsy.com	$677.57	10/01/21	16:32:37
scollisteror@squidoo.com	$253.43	17/01/21	17:10:30
cclouttos@technorati.com	$545.89	04/04/21	06:10:32
csedcoleot@guardian.co.uk	$633.34	07/02/21	09:55:33
fovenellou@cbc.ca	$187.19	27/01/21	05:22:04
ndumphreysov@tripadvisor.com	$242.17	17/02/21	10:24:50
jfargeow@craigslist.org	$437.62	13/02/21	13:14:22
pmacareeox@google.de	$385.40	31/03/21	13:21:27
bluchettioy@theglobeandmail.com	$41.32	04/04/21	10:44:16
zsimecekoz@narod.ru	$499.80	05/01/21	07:51:31
lrossip0@dyndns.org	$579.54	01/04/21	04:51:49
dszapirop1@bandcamp.com	$266.70	13/03/21	05:57:53
apaquetp2@hatena.ne.jp	$57.87	25/02/21	11:24:06
msalanp3@webmd.com	$606.86	18/02/21	05:00:46
martingstallp4@huffingtonpost.com	$710.76	18/02/21	06:11:22
dcarmodyp5@springer.com	$486.75	11/02/21	06:53:52
mcohanp6@webeden.co.uk	$322.21	17/02/21	17:17:12
esemradp7@nbcnews.com	$527.90	16/03/21	19:25:27
gdavidowp8@moonfruit.com	$599.57	06/01/21	21:46:51
awarrep9@aboutads.info	$303.66	15/01/21	16:09:28
hwimbushpa@wired.com	$165.35	07/02/21	19:44:38
cruskepb@yelp.com	$55.24	03/02/21	12:13:30
einwoodpc@google.ca	$300.35	13/03/21	19:29:25
bfearnehoughpd@feedburner.com	$479.26	08/03/21	05:24:21
dplunkettpe@cbc.ca	$641.84	04/02/21	04:53:35
nkellingtonpf@yahoo.com	$422.89	23/03/21	08:35:47
jmccaigpg@booking.com	$106.15	15/02/21	16:52:25
dcunninghamph@guardian.co.uk	$315.39	15/02/21	10:43:21
fcalleypi@huffingtonpost.com	$165.19	06/03/21	16:04:34
aronanpj@chronoengine.com	$529.73	08/04/21	18:25:39
acriplepk@cbsnews.com	$108.16	03/03/21	14:34:37
jbiddlespl@netvibes.com	$795.12	29/03/21	15:26:08
dbarsbypm@last.fm	$549.17	16/03/21	10:08:40
ascholespn@themeforest.net	$94.99	15/02/21	15:55:26
ccopnellpo@cpanel.net	$23.70	04/02/21	07:16:59
kedypp@oracle.com	$692.93	06/04/21	07:45:31
ilateypq@china.com.cn	$792.30	28/03/21	07:22:32
lpaxefordpr@canalblog.com	$265.84	02/02/21	22:04:29
fizaksps@huffingtonpost.com	$181.23	24/02/21	15:34:00
cberkelypt@latimes.com	$697.53	22/03/21	11:26:44
jrobelowpu@flickr.com	$566.83	21/01/21	15:32:36
tfibbenspv@addthis.com	$441.54	07/03/21	20:00:03
tdibiagipw@reddit.com	$342.52	13/01/21	22:39:39
biskowerpx@people.com.cn	$320.83	09/02/21	12:35:32
mribapy@rakuten.co.jp	$497.53	20/03/21	13:39:39
icrimpepz@theatlantic.com	$136.24	31/01/21	22:33:07
skmietschq0@newsvine.com	$125.31	26/02/21	16:31:26
gcastangiaq1@indiegogo.com	$689.99	27/03/21	10:02:02
hgarthsideq2@un.org	$712.33	28/02/21	14:21:59
dcasaccioq3@jalbum.net	$693.23	04/02/21	07:59:58
zchudleighq4@ebay.co.uk	$266.23	18/02/21	13:26:35
aarnetq5@answers.com	$230.13	08/01/21	08:47:42
dsaylorq6@cam.ac.uk	$506.85	06/03/21	08:43:09
aestcotq7@columbia.edu	$637.56	17/02/21	16:48:59
ntredgerq8@imageshack.us	$323.60	04/01/21	04:26:34
dchrstineq9@netscape.com	$507.19	02/03/21	07:42:08
fforsytheqa@cdc.gov	$370.96	07/04/21	20:51:23
mwhalleyqb@seesaa.net	$19.92	17/02/21	20:12:24
rfookesqc@mediafire.com	$3.88	04/02/21	23:24:38
ssidleqd@sciencedirect.com	$497.22	11/02/21	16:42:42
mleemansqe@phpbb.com	$93.82	12/02/21	19:51:03
mkeppyqf@bluehost.com	$7.80	03/04/21	20:06:43
mmeoqg@usgs.gov	$181.53	22/02/21	19:27:41
fgladdenqh@aboutads.info	$177.14	27/03/21	13:06:07
sstorchqi@adobe.com	$684.15	07/01/21	13:01:29
sbennetonqj@behance.net	$402.47	28/02/21	13:52:59
rbennellqk@mail.ru	$268.58	03/03/21	08:57:31
scrudgingtonql@ed.gov	$382.05	07/02/21	19:50:53
mtitherqm@icio.us	$664.16	19/03/21	04:38:07
gbergetqn@house.gov	$592.96	09/04/21	18:38:13
tdewfallqo@canalblog.com	$44.34	09/04/21	10:12:57
sshellumqp@jimdo.com	$571.56	02/02/21	22:56:26
iyurovqq@flickr.com	$326.57	31/01/21	09:33:38
gfrosdickqr@kickstarter.com	$720.63	28/02/21	22:01:00
bmalterqs@shop-pro.jp	$750.81	04/04/21	06:22:49
mmaccagueqt@constantcontact.com	$72.28	26/03/21	10:17:23
dhubbinsqu@woothemes.com	$440.76	21/01/21	16:46:43
bdurtnelqv@home.pl	$137.97	19/01/21	05:38:13
katkynsqw@blogs.com	$692.20	15/03/21	05:16:36
ksnellerqx@redcross.org	$22.48	14/01/21	15:47:07
jlabittqy@yellowbook.com	$495.25	26/02/21	11:37:29
wewenqz@simplemachines.org	$460.42	15/03/21	09:40:38
ccullr0@mashable.com	$319.76	15/02/21	08:24:36
kmeconir1@rambler.ru	$156.14	25/01/21	09:01:00
lcolenuttr2@nymag.com	$428.82	12/02/21	15:30:23
emcgeadyr3@4shared.com	$529.51	05/04/21	19:58:50
tmcnabbr4@prlog.org	$94.69	19/03/21	12:06:11
uchirmr5@icio.us	$553.77	08/04/21	21:53:42
saitchisonr6@cornell.edu	$229.90	05/03/21	22:35:15
mmortelr7@ca.gov	$282.71	13/02/21	14:58:33
lseifr8@comsenz.com	$380.91	25/01/21	06:43:17
icrombr9@angelfire.com	$238.27	12/01/21	08:41:12
dcollyerra@umich.edu	$759.12	01/03/21	04:49:06
vtheodorisrb@homestead.com	$556.14	14/02/21	23:26:29
corisrc@salon.com	$151.64	24/03/21	15:40:01
soveringtonrd@imageshack.us	$117.88	01/03/21	10:53:19
rottore@vistaprint.com	$517.61	28/02/21	13:16:08
ibrunsdonrf@youtube.com	$285.86	12/02/21	09:06:18
mclewlowerg@whitehouse.gov	$712.79	18/02/21	19:02:32
nbroinlichrh@weather.com	$668.97	08/03/21	17:34:44
vhaddockri@google.co.uk	$42.32	04/03/21	13:27:28
srozrj@craigslist.org	$143.45	04/03/21	05:54:22
cfollisrk@arstechnica.com	$689.74	11/02/21	07:26:24
csimesrl@amazonaws.com	$534.03	03/03/21	11:13:08
tsheehyrm@devhub.com	$716.77	25/02/21	23:18:20
ttoffanorn@dion.ne.jp	$337.95	16/01/21	10:21:11
kscollardro@blinklist.com	$423.07	21/01/21	06:56:39
tharbronrp@kickstarter.com	$551.40	27/03/21	21:24:08
bguthrumrq@spiegel.de	$3.78	06/01/21	15:26:53
lsouthornrr@independent.co.uk	$437.86	24/03/21	15:08:43
